#
# There is insufficient memory for the Java Runtime Environment to continue.
# Native memory allocation (mmap) failed to map 1142947840 bytes. Error detail: G1 virtual space
# Possible reasons:
#   The system is out of physical RAM or swap space
#   This process is running with CompressedOops enabled, and the Java Heap may be blocking the growth of the native heap
# Possible solutions:
#   Reduce memory load on the system
#   Increase physical memory or swap space
#   Check if swap backing store is full
#   Decrease Java heap size (-Xmx/-Xms)
#   Decrease number of Java threads
#   Decrease Java thread stack sizes (-Xss)
#   Set larger code cache with -XX:ReservedCodeCacheSize=
#   JVM is running with Zero Based Compressed Oops mode in which the Java heap is
#     placed in the first 32GB address space. The Java Heap base address is the
#     maximum limit for the native heap growth. Please use -XX:HeapBaseMinAddress
#     to set the Java Heap base and to place the Java Heap above 32GB virtual address.
# This output file may be truncated or incomplete.
#
#  Out of Memory Error (os_windows.cpp:3926), pid=9424, tid=9688
#
# JRE version: OpenJDK Runtime Environment (21.0.10) (build 21.0.10+-14961533-b1163.108)
# Java VM: OpenJDK 64-Bit Server VM (21.0.10+-14961533-b1163.108, mixed mode, tiered, compressed oops, compressed class ptrs, g1 gc, windows-amd64)
# No core dump will be written. Minidumps are not enabled by default on client versions of Windows
#

---------------  S U M M A R Y ------------

Command Line: --add-opens=java.base/java.lang=ALL-UNNAMED --add-opens=java.base/java.lang.invoke=ALL-UNNAMED --add-opens=java.base/java.util=ALL-UNNAMED --add-opens=java.prefs/java.util.prefs=ALL-UNNAMED --add-exports=jdk.compiler/com.sun.tools.javac.api=ALL-UNNAMED --add-exports=jdk.compiler/com.sun.tools.javac.util=ALL-UNNAMED --add-opens=java.base/java.util=ALL-UNNAMED --add-opens=java.prefs/java.util.prefs=ALL-UNNAMED --add-opens=java.base/java.nio.charset=ALL-UNNAMED --add-opens=java.base/java.net=ALL-UNNAMED --add-opens=java.base/java.util.concurrent=ALL-UNNAMED --add-opens=java.base/java.util.concurrent.atomic=ALL-UNNAMED --add-opens=java.xml/javax.xml.namespace=ALL-UNNAMED --add-opens=java.base/java.time=ALL-UNNAMED -Xmx4g -Dfile.encoding=UTF-8 -Duser.country=US -Duser.language=en -Duser.variant -javaagent:C:\Users\yasin\.gradle\wrapper\dists\gradle-9.3.1-bin\23ovyewtku6u96viwx3xl3oks\gradle-9.3.1\lib\agents\gradle-instrumentation-agent-9.3.1.jar org.gradle.launcher.daemon.bootstrap.GradleDaemon 9.3.1

Host: 12th Gen Intel(R) Core(TM) i3-1215U, 8 cores, 7G,  Windows 11 , 64 bit Build 26100 (10.0.26100.8875)
Time: Mon Jul 20 07:26:38 2026 SE Asia Standard Time elapsed time: 2445.771968 seconds (0d 0h 40m 45s)

---------------  T H R E A D  ---------------

Current thread (0x000002a16ce49d70):  VMThread "VM Thread"          [id=9688, stack(0x000000dcf3a00000,0x000000dcf3b00000) (1024K)]

Stack: [0x000000dcf3a00000,0x000000dcf3b00000]
Native frames: (J=compiled Java code, j=interpreted, Vv=VM code, C=native code)
V  [jvm.dll+0x6d78a9]
V  [jvm.dll+0x8665b3]
V  [jvm.dll+0x868bde]
V  [jvm.dll+0x8692c3]
V  [jvm.dll+0x280ee6]
V  [jvm.dll+0x6d4165]
V  [jvm.dll+0x6c77fa]
V  [jvm.dll+0x358f4b]
V  [jvm.dll+0x360bc6]
V  [jvm.dll+0x3b2ea6]
V  [jvm.dll+0x3b3178]
V  [jvm.dll+0x32b65c]
V  [jvm.dll+0x32b6e7]
V  [jvm.dll+0x3715cc]
V  [jvm.dll+0x36fd7e]
V  [jvm.dll+0x32adb1]
V  [jvm.dll+0x36f480]
V  [jvm.dll+0x86f048]
V  [jvm.dll+0x870394]
V  [jvm.dll+0x8708d0]
V  [jvm.dll+0x870b63]
V  [jvm.dll+0x80fd28]
V  [jvm.dll+0x6d60fd]
C  [ucrtbase.dll+0x2cd30]
C  [KERNEL32.DLL+0x2e957]
C  [ntdll.dll+0xaad6c]

VM_Operation (0x000000dcf95fbff0): G1CollectForAllocation, mode: safepoint, requested by thread 0x000002a1040b5bb0


---------------  P R O C E S S  ---------------

Threads class SMR info:
_java_thread_list=0x000002a119098770, length=110, elements={
0x000002a152f41420, 0x000002a171037230, 0x000002a171039ca0, 0x000002a171054860,
0x000002a171072530, 0x000002a171072f90, 0x000002a1710739f0, 0x000002a171076070,
0x000002a17107e3e0, 0x000002a17107f600, 0x000002a171358fe0, 0x000002a17363beb0,
0x000002a173aa9160, 0x000002a173aa28f0, 0x000002a17395e280, 0x000002a17395e910,
0x000002a17395c1b0, 0x000002a17521d4a0, 0x000002a17521ce10, 0x000002a17521e850,
0x000002a17521b3d0, 0x000002a17521eee0, 0x000002a17521f570, 0x000002a17521c0f0,
0x000002a17521fc00, 0x000002a17521c780, 0x000002a175220fb0, 0x000002a175220920,
0x000002a111dac120, 0x000002a11a5672f0, 0x000002a11a56a0e0, 0x000002a1049c5430,
0x000002a1049c1fb0, 0x000002a11a56a770, 0x000002a11a5686a0, 0x000002a11a567980,
0x000002a11a568010, 0x000002a11a568d30, 0x000002a11a6e1bc0, 0x000002a11a6e0810,
0x000002a11a6e0ea0, 0x000002a11a6e2f70, 0x000002a11a6dfaf0, 0x000002a119b38db0,
0x000002a119b39440, 0x000002a1049c2640, 0x000002a11a5693c0, 0x000002a119a46de0,
0x000002a1049c4080, 0x000002a1049c2cd0, 0x000002a119a44d10, 0x000002a119a44680,
0x000002a119a45a30, 0x000002a119a453a0, 0x000002a11a3dfc60, 0x000002a11a3e2a50,
0x000002a11a3e30e0, 0x000002a11a3e23c0, 0x000002a119cf38a0, 0x000002a119cf4c50,
0x000002a1049c3360, 0x000002a1049c4710, 0x000002a118fe1d40, 0x000002a118fe44a0,
0x000002a118fe1020, 0x000002a11a3e02f0, 0x000002a11a3e1010, 0x000002a11a3e0980,
0x000002a118fe23d0, 0x000002a118fe3780, 0x000002a118fe3e10, 0x000002a118fe16b0,
0x000002a119cf3f30, 0x000002a119cf1e60, 0x000002a119cf24f0, 0x000002a11a3e1d30,
0x000002a118fe2a60, 0x000002a118fe30f0, 0x000002a113a1a7d0, 0x000002a1133f5d30,
0x000002a1133f42f0, 0x000002a1133f28b0, 0x000002a1040b5bb0, 0x000002a1040b6240,
0x000002a1133f63c0, 0x000002a1133f6a50, 0x000002a119cf45c0, 0x000002a11a3e16a0,
0x000002a1134144b0, 0x000002a113415860, 0x000002a1040b68d0, 0x000002a1040b6f60,
0x000002a1040b75f0, 0x000002a113414b40, 0x000002a113a1b4f0, 0x000002a119cf2b80,
0x000002a119a43ff0, 0x000002a1040b7c80, 0x000002a1040b8310, 0x000002a112578700,
0x000002a1749b8ac0, 0x000002a1749b9150, 0x000002a119a43960, 0x000002a10b4ddcf0,
0x000002a10b4dbc20, 0x000002a10b4de380, 0x000002a104818bf0, 0x000002a10b4daf00,
0x000002a1130aa960, 0x000002a1130a8200
}

Java Threads: ( => current thread )
  0x000002a152f41420 JavaThread "main"                              [_thread_blocked, id=13508, stack(0x000000dcf3300000,0x000000dcf3400000) (1024K)]
  0x000002a171037230 JavaThread "Common-Cleaner"             daemon [_thread_blocked, id=16692, stack(0x000000dcf3b00000,0x000000dcf3c00000) (1024K)]
  0x000002a171039ca0 JavaThread "Reference Handler"          daemon [_thread_blocked, id=10336, stack(0x000000dcf3c00000,0x000000dcf3d00000) (1024K)]
  0x000002a171054860 JavaThread "Finalizer"                  daemon [_thread_blocked, id=2716, stack(0x000000dcf3d00000,0x000000dcf3e00000) (1024K)]
  0x000002a171072530 JavaThread "Signal Dispatcher"          daemon [_thread_blocked, id=17200, stack(0x000000dcf3e00000,0x000000dcf3f00000) (1024K)]
  0x000002a171072f90 JavaThread "Attach Listener"            daemon [_thread_blocked, id=1528, stack(0x000000dcf3f00000,0x000000dcf4000000) (1024K)]
  0x000002a1710739f0 JavaThread "Service Thread"             daemon [_thread_blocked, id=10408, stack(0x000000dcf4000000,0x000000dcf4100000) (1024K)]
  0x000002a171076070 JavaThread "Monitor Deflation Thread"   daemon [_thread_blocked, id=12896, stack(0x000000dcf4100000,0x000000dcf4200000) (1024K)]
  0x000002a17107e3e0 JavaThread "C2 CompilerThread0"         daemon [_thread_blocked, id=7960, stack(0x000000dcf4200000,0x000000dcf4300000) (1024K)]
  0x000002a17107f600 JavaThread "C1 CompilerThread0"         daemon [_thread_blocked, id=1984, stack(0x000000dcf4300000,0x000000dcf4400000) (1024K)]
  0x000002a171358fe0 JavaThread "Notification Thread"        daemon [_thread_blocked, id=14348, stack(0x000000dcf4400000,0x000000dcf4500000) (1024K)]
  0x000002a17363beb0 JavaThread "Daemon health stats"               [_thread_blocked, id=16572, stack(0x000000dcf4900000,0x000000dcf4a00000) (1024K)]
  0x000002a173aa9160 JavaThread "Incoming local TCP Connector on port 48885"        [_thread_in_native, id=10808, stack(0x000000dcf4a00000,0x000000dcf4b00000) (1024K)]
  0x000002a173aa28f0 JavaThread "Daemon periodic checks"            [_thread_blocked, id=14080, stack(0x000000dcf4b00000,0x000000dcf4c00000) (1024K)]
  0x000002a17395e280 JavaThread "Cache worker for journal cache (C:\Users\yasin\.gradle\caches\journal-1)"        [_thread_blocked, id=10732, stack(0x000000dcf5700000,0x000000dcf5800000) (1024K)]
  0x000002a17395e910 JavaThread "File lock request listener"        [_thread_in_native, id=9456, stack(0x000000dcf5800000,0x000000dcf5900000) (1024K)]
  0x000002a17395c1b0 JavaThread "Cache worker for file hash cache (C:\Users\yasin\.gradle\caches\9.3.1\fileHashes)"        [_thread_blocked, id=16768, stack(0x000000dcf5900000,0x000000dcf5a00000) (1024K)]
  0x000002a17521d4a0 JavaThread "File watcher server"        daemon [_thread_blocked, id=3396, stack(0x000000dcf5c00000,0x000000dcf5d00000) (1024K)]
  0x000002a17521ce10 JavaThread "File watcher consumer"      daemon [_thread_blocked, id=15244, stack(0x000000dcf5d00000,0x000000dcf5e00000) (1024K)]
  0x000002a17521e850 JavaThread "jar transforms"                    [_thread_blocked, id=4120, stack(0x000000dcf5e00000,0x000000dcf5f00000) (1024K)]
  0x000002a17521b3d0 JavaThread "jar transforms Thread 2"           [_thread_blocked, id=4940, stack(0x000000dcf5f00000,0x000000dcf6000000) (1024K)]
  0x000002a17521eee0 JavaThread "jar transforms Thread 3"           [_thread_blocked, id=16988, stack(0x000000dcf6000000,0x000000dcf6100000) (1024K)]
  0x000002a17521f570 JavaThread "jar transforms Thread 4"           [_thread_blocked, id=10604, stack(0x000000dcf6100000,0x000000dcf6200000) (1024K)]
  0x000002a17521c0f0 JavaThread "jar transforms Thread 5"           [_thread_blocked, id=12688, stack(0x000000dcf6200000,0x000000dcf6300000) (1024K)]
  0x000002a17521fc00 JavaThread "jar transforms Thread 6"           [_thread_blocked, id=7932, stack(0x000000dcf6300000,0x000000dcf6400000) (1024K)]
  0x000002a17521c780 JavaThread "jar transforms Thread 7"           [_thread_blocked, id=2648, stack(0x000000dcf6400000,0x000000dcf6500000) (1024K)]
  0x000002a175220fb0 JavaThread "jar transforms Thread 8"           [_thread_blocked, id=11548, stack(0x000000dcf6500000,0x000000dcf6600000) (1024K)]
  0x000002a175220920 JavaThread "Cache worker for file content cache (C:\Users\yasin\.gradle\caches\9.3.1\fileContent)"        [_thread_blocked, id=3028, stack(0x000000dcf6700000,0x000000dcf6800000) (1024K)]
  0x000002a111dac120 JavaThread "Memory manager"                    [_thread_blocked, id=17128, stack(0x000000dcf8000000,0x000000dcf8100000) (1024K)]
  0x000002a11a5672f0 JavaThread "Daemon Thread 8"                   [_thread_blocked, id=18556, stack(0x000000dcf3000000,0x000000dcf3100000) (1024K)]
  0x000002a11a56a0e0 JavaThread "Daemon worker Thread 8"            [_thread_blocked, id=9112, stack(0x000000dcf4d00000,0x000000dcf4e00000) (1024K)]
  0x000002a1049c5430 JavaThread "Handler for socket connection from /127.0.0.1:48885 to /127.0.0.1:24279"        [_thread_in_native, id=2824, stack(0x000000dcf3200000,0x000000dcf3300000) (1024K)]
  0x000002a1049c1fb0 JavaThread "Cancel handler"                    [_thread_blocked, id=10160, stack(0x000000dcf4c00000,0x000000dcf4d00000) (1024K)]
  0x000002a11a56a770 JavaThread "Asynchronous log dispatcher for DefaultDaemonConnection: socket connection from /127.0.0.1:48885 to /127.0.0.1:24279"        [_thread_blocked, id=1460, stack(0x000000dcf5300000,0x000000dcf5400000) (1024K)]
  0x000002a11a5686a0 JavaThread "Stdin handler"                     [_thread_blocked, id=14152, stack(0x000000dcf5400000,0x000000dcf5500000) (1024K)]
  0x000002a11a567980 JavaThread "Daemon client event forwarder"        [_thread_blocked, id=7520, stack(0x000000dcf5500000,0x000000dcf5600000) (1024K)]
  0x000002a11a568010 JavaThread "Cache worker for file hash cache (C:\Users\yasin\StudioProjects\Nano-Money\.gradle\9.3.1\fileHashes)"        [_thread_blocked, id=8036, stack(0x000000dcf5600000,0x000000dcf5700000) (1024K)]
  0x000002a11a568d30 JavaThread "Cache worker for checksums cache (C:\Users\yasin\StudioProjects\Nano-Money\.gradle\9.3.1\checksums)"        [_thread_blocked, id=1152, stack(0x000000dcf5a00000,0x000000dcf5b00000) (1024K)]
  0x000002a11a6e1bc0 JavaThread "Cache worker for Build Output Cleanup Cache (C:\Users\yasin\StudioProjects\Nano-Money\.gradle\buildOutputCleanup)"        [_thread_blocked, id=17672, stack(0x000000dcf5b00000,0x000000dcf5c00000) (1024K)]
  0x000002a11a6e0810 JavaThread "Cache worker for cache directory md-supplier (C:\Users\yasin\.gradle\caches\9.3.1\md-supplier)"        [_thread_blocked, id=8208, stack(0x000000dcf6600000,0x000000dcf6700000) (1024K)]
  0x000002a11a6e0ea0 JavaThread "Cache worker for cache directory md-rule (C:\Users\yasin\.gradle\caches\9.3.1\md-rule)"        [_thread_blocked, id=18120, stack(0x000000dcf6800000,0x000000dcf6900000) (1024K)]
  0x000002a11a6e2f70 JavaThread "Unconstrained build operations"        [_thread_blocked, id=18652, stack(0x000000dcf6900000,0x000000dcf6a00000) (1024K)]
  0x000002a11a6dfaf0 JavaThread "Unconstrained build operations Thread 2"        [_thread_blocked, id=18024, stack(0x000000dcf6a00000,0x000000dcf6b00000) (1024K)]
  0x000002a119b38db0 JavaThread "Unconstrained build operations Thread 3"        [_thread_blocked, id=5812, stack(0x000000dcf6b00000,0x000000dcf6c00000) (1024K)]
  0x000002a119b39440 JavaThread "Unconstrained build operations Thread 4"        [_thread_blocked, id=18616, stack(0x000000dcf6c00000,0x000000dcf6d00000) (1024K)]
  0x000002a1049c2640 JavaThread "Unconstrained build operations Thread 5"        [_thread_blocked, id=8748, stack(0x000000dcf6d00000,0x000000dcf6e00000) (1024K)]
  0x000002a11a5693c0 JavaThread "Unconstrained build operations Thread 6"        [_thread_blocked, id=13400, stack(0x000000dcf6e00000,0x000000dcf6f00000) (1024K)]
  0x000002a119a46de0 JavaThread "Unconstrained build operations Thread 7"        [_thread_blocked, id=3864, stack(0x000000dcf6f00000,0x000000dcf7000000) (1024K)]
  0x000002a1049c4080 JavaThread "Unconstrained build operations Thread 8"        [_thread_blocked, id=11916, stack(0x000000dcf7000000,0x000000dcf7100000) (1024K)]
  0x000002a1049c2cd0 JavaThread "Configuration cache report writer"        [_thread_blocked, id=16552, stack(0x000000dcf7100000,0x000000dcf7200000) (1024K)]
  0x000002a119a44d10 JavaThread "Unconstrained build operations Thread 9"        [_thread_blocked, id=17888, stack(0x000000dcf7200000,0x000000dcf7300000) (1024K)]
  0x000002a119a44680 JavaThread "Unconstrained build operations Thread 10"        [_thread_blocked, id=1240, stack(0x000000dcf7300000,0x000000dcf7400000) (1024K)]
  0x000002a119a45a30 JavaThread "Unconstrained build operations Thread 11"        [_thread_blocked, id=16556, stack(0x000000dcf7400000,0x000000dcf7500000) (1024K)]
  0x000002a119a453a0 JavaThread "Unconstrained build operations Thread 12"        [_thread_blocked, id=2680, stack(0x000000dcf7500000,0x000000dcf7600000) (1024K)]
  0x000002a11a3dfc60 JavaThread "Unconstrained build operations Thread 13"        [_thread_blocked, id=18772, stack(0x000000dcf7600000,0x000000dcf7700000) (1024K)]
  0x000002a11a3e2a50 JavaThread "Unconstrained build operations Thread 14"        [_thread_blocked, id=18972, stack(0x000000dcf7700000,0x000000dcf7800000) (1024K)]
  0x000002a11a3e30e0 JavaThread "build event listener"              [_thread_blocked, id=12112, stack(0x000000dcf7800000,0x000000dcf7900000) (1024K)]
  0x000002a11a3e23c0 JavaThread "build event listener"              [_thread_blocked, id=2656, stack(0x000000dcf7900000,0x000000dcf7a00000) (1024K)]
  0x000002a119cf38a0 JavaThread "Build operations"                  [_thread_blocked, id=9496, stack(0x000000dcf7a00000,0x000000dcf7b00000) (1024K)]
  0x000002a119cf4c50 JavaThread "Unconstrained build operations Thread 15"        [_thread_blocked, id=14984, stack(0x000000dcf7b00000,0x000000dcf7c00000) (1024K)]
  0x000002a1049c3360 JavaThread "Unconstrained build operations Thread 16"        [_thread_blocked, id=9084, stack(0x000000dcf7d00000,0x000000dcf7e00000) (1024K)]
  0x000002a1049c4710 JavaThread "Unconstrained build operations Thread 17"        [_thread_blocked, id=15160, stack(0x000000dcf7f00000,0x000000dcf8000000) (1024K)]
  0x000002a118fe1d40 JavaThread "Unconstrained build operations Thread 18"        [_thread_blocked, id=8228, stack(0x000000dcf8100000,0x000000dcf8200000) (1024K)]
  0x000002a118fe44a0 JavaThread "Unconstrained build operations Thread 19"        [_thread_blocked, id=19168, stack(0x000000dcf8200000,0x000000dcf8300000) (1024K)]
  0x000002a118fe1020 JavaThread "Unconstrained build operations Thread 20"        [_thread_blocked, id=15276, stack(0x000000dcf8300000,0x000000dcf8400000) (1024K)]
  0x000002a11a3e02f0 JavaThread "Unconstrained build operations Thread 21"        [_thread_blocked, id=4676, stack(0x000000dcf8400000,0x000000dcf8500000) (1024K)]
  0x000002a11a3e1010 JavaThread "Unconstrained build operations Thread 22"        [_thread_blocked, id=19312, stack(0x000000dcf8500000,0x000000dcf8600000) (1024K)]
  0x000002a11a3e0980 JavaThread "Unconstrained build operations Thread 23"        [_thread_blocked, id=6276, stack(0x000000dcf8600000,0x000000dcf8700000) (1024K)]
  0x000002a118fe23d0 JavaThread "Unconstrained build operations Thread 24"        [_thread_blocked, id=16324, stack(0x000000dcf8700000,0x000000dcf8800000) (1024K)]
  0x000002a118fe3780 JavaThread "Unconstrained build operations Thread 25"        [_thread_blocked, id=2084, stack(0x000000dcf8800000,0x000000dcf8900000) (1024K)]
  0x000002a118fe3e10 JavaThread "Build operations Thread 2"         [_thread_blocked, id=16388, stack(0x000000dcf8a00000,0x000000dcf8b00000) (1024K)]
  0x000002a118fe16b0 JavaThread "included builds"                   [_thread_blocked, id=4648, stack(0x000000dcf8900000,0x000000dcf8a00000) (1024K)]
  0x000002a119cf3f30 JavaThread "Execution worker"                  [_thread_blocked, id=3240, stack(0x000000dcf8b00000,0x000000dcf8c00000) (1024K)]
  0x000002a119cf1e60 JavaThread "Execution worker Thread 2"         [_thread_blocked, id=8836, stack(0x000000dcf8c00000,0x000000dcf8d00000) (1024K)]
  0x000002a119cf24f0 JavaThread "Execution worker Thread 3"         [_thread_blocked, id=16792, stack(0x000000dcf8d00000,0x000000dcf8e00000) (1024K)]
  0x000002a11a3e1d30 JavaThread "Cache worker for execution history cache (C:\Users\yasin\StudioProjects\Nano-Money\.gradle\9.3.1\executionHistory)"        [_thread_blocked, id=14460, stack(0x000000dcf8e00000,0x000000dcf8f00000) (1024K)]
  0x000002a118fe2a60 JavaThread "Unconstrained build operations Thread 26"        [_thread_blocked, id=14732, stack(0x000000dcf8f00000,0x000000dcf9000000) (1024K)]
  0x000002a118fe30f0 JavaThread "Unconstrained build operations Thread 27"        [_thread_blocked, id=14600, stack(0x000000dcf9000000,0x000000dcf9100000) (1024K)]
  0x000002a113a1a7d0 JavaThread "Unconstrained build operations Thread 28"        [_thread_blocked, id=16548, stack(0x000000dcf9100000,0x000000dcf9200000) (1024K)]
  0x000002a1133f5d30 JavaThread "Unconstrained build operations Thread 29"        [_thread_blocked, id=18292, stack(0x000000dcf9200000,0x000000dcf9300000) (1024K)]
  0x000002a1133f42f0 JavaThread "Unconstrained build operations Thread 30"        [_thread_blocked, id=6736, stack(0x000000dcf9300000,0x000000dcf9400000) (1024K)]
  0x000002a1133f28b0 JavaThread "Unconstrained build operations Thread 31"        [_thread_blocked, id=14656, stack(0x000000dcf9400000,0x000000dcf9500000) (1024K)]
  0x000002a1040b5bb0 JavaThread "WorkerExecutor Queue"              [_thread_blocked, id=16648, stack(0x000000dcf9500000,0x000000dcf9600000) (1024K)]
  0x000002a1040b6240 JavaThread "WorkerExecutor Queue Thread 2"        [_thread_blocked, id=9740, stack(0x000000dcf9600000,0x000000dcf9700000) (1024K)]
  0x000002a1133f63c0 JavaThread "Unconstrained build operations Thread 32"        [_thread_blocked, id=19332, stack(0x000000dcf9700000,0x000000dcf9800000) (1024K)]
  0x000002a1133f6a50 JavaThread "Unconstrained build operations Thread 33"        [_thread_blocked, id=14064, stack(0x000000dcf9800000,0x000000dcf9900000) (1024K)]
  0x000002a119cf45c0 JavaThread "Unconstrained build operations Thread 34"        [_thread_blocked, id=16972, stack(0x000000dcf9900000,0x000000dcf9a00000) (1024K)]
  0x000002a11a3e16a0 JavaThread "Unconstrained build operations Thread 35"        [_thread_blocked, id=17776, stack(0x000000dcf9a00000,0x000000dcf9b00000) (1024K)]
  0x000002a1134144b0 JavaThread "Unconstrained build operations Thread 36"        [_thread_blocked, id=16912, stack(0x000000dcf9b00000,0x000000dcf9c00000) (1024K)]
  0x000002a113415860 JavaThread "Unconstrained build operations Thread 37"        [_thread_blocked, id=2792, stack(0x000000dcf9c00000,0x000000dcf9d00000) (1024K)]
  0x000002a1040b68d0 JavaThread "Unconstrained build operations Thread 38"        [_thread_blocked, id=17916, stack(0x000000dcf9d00000,0x000000dcf9e00000) (1024K)]
  0x000002a1040b6f60 JavaThread "Unconstrained build operations Thread 39"        [_thread_blocked, id=8828, stack(0x000000dcf9e00000,0x000000dcf9f00000) (1024K)]
  0x000002a1040b75f0 JavaThread "Unconstrained build operations Thread 40"        [_thread_blocked, id=11680, stack(0x000000dcf9f00000,0x000000dcfa000000) (1024K)]
  0x000002a113414b40 JavaThread "WorkerExecutor Queue Thread 3"        [_thread_blocked, id=17784, stack(0x000000dcfa000000,0x000000dcfa100000) (1024K)]
  0x000002a113a1b4f0 JavaThread "WorkerExecutor Queue Thread 5"        [_thread_blocked, id=7980, stack(0x000000dcfa300000,0x000000dcfa400000) (1024K)]
  0x000002a119cf2b80 JavaThread "Java2D Disposer"            daemon [_thread_blocked, id=18588, stack(0x000000dcfa600000,0x000000dcfa700000) (1024K)]
  0x000002a119a43ff0 JavaThread "AWT-Windows"                daemon [_thread_in_native, id=16236, stack(0x000000dcfa800000,0x000000dcfa900000) (1024K)]
  0x000002a1040b7c80 JavaThread "DefaultDispatcher-worker-1" daemon [_thread_blocked, id=13712, stack(0x000000dcfa100000,0x000000dcfa200000) (1024K)]
  0x000002a1040b8310 JavaThread "DefaultDispatcher-worker-2" daemon [_thread_blocked, id=15140, stack(0x000000dcfa700000,0x000000dcfa800000) (1024K)]
  0x000002a112578700 JavaThread "DefaultDispatcher-worker-3" daemon [_thread_blocked, id=8148, stack(0x000000dcfa900000,0x000000dcfaa00000) (1024K)]
  0x000002a1749b8ac0 JavaThread "Periodic tasks thread"      daemon [_thread_blocked, id=18992, stack(0x000000dcf7e00000,0x000000dcf7f00000) (1024K)]
  0x000002a1749b9150 JavaThread "ApplicationImpl pooled thread 1"        [_thread_blocked, id=6184, stack(0x000000dcfaa00000,0x000000dcfab00000) (1024K)]
  0x000002a119a43960 JavaThread "RMI Scheduler(0)"           daemon [_thread_blocked, id=9016, stack(0x000000dcfae00000,0x000000dcfaf00000) (1024K)]
  0x000002a10b4ddcf0 JavaThread "RMI GC Daemon"              daemon [_thread_blocked, id=13048, stack(0x000000dcfb000000,0x000000dcfb100000) (1024K)]
  0x000002a10b4dbc20 JavaThread "RMI TCP Accept-0"           daemon [_thread_in_native, id=4716, stack(0x000000dcfb100000,0x000000dcfb200000) (1024K)]
  0x000002a10b4de380 JavaThread "RMI Reaper"                        [_thread_blocked, id=16644, stack(0x000000dcfb200000,0x000000dcfb300000) (1024K)]
  0x000002a104818bf0 JavaThread "RMI TCP Connection(idle)"   daemon [_thread_blocked, id=1148, stack(0x000000dcf7c00000,0x000000dcf7d00000) (1024K)]
  0x000002a10b4daf00 JavaThread "Cache worker for Java compile cache (C:\Users\yasin\.gradle\caches\9.3.1\javaCompile)"        [_thread_blocked, id=12704, stack(0x000000dcfa200000,0x000000dcfa300000) (1024K)]
  0x000002a1130aa960 JavaThread "Build operations Thread 3"         [_thread_blocked, id=15396, stack(0x000000dcfa400000,0x000000dcfa500000) (1024K)]
  0x000002a1130a8200 JavaThread "Build operations Thread 4"         [_thread_blocked, id=8004, stack(0x000000dcfa500000,0x000000dcfa600000) (1024K)]
Total: 110

Other Threads:
=>0x000002a16ce49d70 VMThread "VM Thread"                           [id=9688, stack(0x000000dcf3a00000,0x000000dcf3b00000) (1024K)]
  0x000002a16cdb3540 WatcherThread "VM Periodic Task Thread"        [id=14448, stack(0x000000dcf3900000,0x000000dcf3a00000) (1024K)]
  0x000002a152faa070 WorkerThread "GC Thread#0"                     [id=17100, stack(0x000000dcf3400000,0x000000dcf3500000) (1024K)]
  0x000002a171697050 WorkerThread "GC Thread#1"                     [id=15640, stack(0x000000dcf4500000,0x000000dcf4600000) (1024K)]
  0x000002a171722780 WorkerThread "GC Thread#2"                     [id=14372, stack(0x000000dcf4600000,0x000000dcf4700000) (1024K)]
  0x000002a171b30ae0 WorkerThread "GC Thread#3"                     [id=9916, stack(0x000000dcf4700000,0x000000dcf4800000) (1024K)]
  0x000002a171b30e90 WorkerThread "GC Thread#4"                     [id=16700, stack(0x000000dcf4800000,0x000000dcf4900000) (1024K)]
  0x000002a172065480 WorkerThread "GC Thread#5"                     [id=9788, stack(0x000000dcf4e00000,0x000000dcf4f00000) (1024K)]
  0x000002a172065830 WorkerThread "GC Thread#6"                     [id=14972, stack(0x000000dcf4f00000,0x000000dcf5000000) (1024K)]
  0x000002a173b2d530 WorkerThread "GC Thread#7"                     [id=11252, stack(0x000000dcf5000000,0x000000dcf5100000) (1024K)]
  0x000002a150badfa0 ConcurrentGCThread "G1 Main Marker"            [id=18708, stack(0x000000dcf3500000,0x000000dcf3600000) (1024K)]
  0x000002a150bae9c0 WorkerThread "G1 Conc#0"                       [id=18676, stack(0x000000dcf3600000,0x000000dcf3700000) (1024K)]
  0x000002a173b2bb60 WorkerThread "G1 Conc#1"                       [id=16744, stack(0x000000dcf5100000,0x000000dcf5200000) (1024K)]
  0x000002a16cc88500 ConcurrentGCThread "G1 Refine#0"               [id=1304, stack(0x000000dcf3700000,0x000000dcf3800000) (1024K)]
  0x000002a16cc88e90 ConcurrentGCThread "G1 Service"                [id=7472, stack(0x000000dcf3800000,0x000000dcf3900000) (1024K)]
Total: 15

Threads with active compile tasks:
C2 CompilerThread0  2455023 68298       4       com.android.tools.r8.internal.ca2::c (1539 bytes)
C1 CompilerThread0  2455023 68479       2       com.android.tools.r8.internal.s72::a (39 bytes)
Total: 2

VM state: at safepoint (normal execution)

VM Mutex/Monitor currently owned by a thread:  ([mutex/lock_event])
[0x00007ffd379a86d0] Threads_lock - owner thread: 0x000002a16ce49d70
[0x00007ffd379a87d0] Heap_lock - owner thread: 0x000002a1040b5bb0

Heap address: 0x0000000700000000, size: 4096 MB, Compressed Oops mode: Zero based, Oop shift amount: 3

CDS archive(s) not mapped
Compressed class space mapped at: 0x0000000800000000-0x0000000840000000, reserved size: 1073741824
Narrow klass base: 0x0000000800000000, Narrow klass shift: 0, Narrow klass range: 0x40000000

GC Precious Log:
 CardTable entry size: 512
 Card Set container configuration: InlinePtr #cards 4 size 8 Array Of Cards #cards 16 size 48 Howl #buckets 8 coarsen threshold 3686 Howl Bitmap #cards 512 size 80 coarsen threshold 460 Card regions per heap region 1 cards per card region 4096
 CPUs: 8 total, 8 available
 Memory: 7877M
 Large Page Support: Disabled
 NUMA Support: Disabled
 Compressed Oops: Enabled (Zero based)
 Heap Region Size: 2M
 Heap Min Capacity: 8M
 Heap Initial Capacity: 124M
 Heap Max Capacity: 4G
 Pre-touch: Disabled
 Parallel Workers: 8
 Concurrent Workers: 2
 Concurrent Refinement Workers: 8
 Periodic GC: Disabled

Heap:
 garbage-first heap   total 1153024K, used 440417K [0x0000000700000000, 0x0000000800000000)
  region size 2048K, 3 young (6144K), 3 survivors (6144K)
 Metaspace       used 346741K, committed 352704K, reserved 1376256K
  class space    used 44250K, committed 46848K, reserved 1048576K

Heap Regions: E=young(eden), S=young(survivor), O=old, HS=humongous(starts), HC=humongous(continues), CS=collection set, F=free, TAMS=top-at-mark-start, PB=parsable bottom
|   0|0x0000000700000000, 0x0000000700200000, 0x0000000700200000|100%|HS|  |TAMS 0x0000000700200000| PB 0x0000000700000000| Complete 
|   1|0x0000000700200000, 0x0000000700400000, 0x0000000700400000|100%|HC|  |TAMS 0x0000000700400000| PB 0x0000000700200000| Complete 
|   2|0x0000000700400000, 0x0000000700600000, 0x0000000700600000|100%| O|  |TAMS 0x0000000700600000| PB 0x0000000700400000| Untracked 
|   3|0x0000000700600000, 0x0000000700800000, 0x0000000700800000|100%| O|  |TAMS 0x0000000700800000| PB 0x0000000700600000| Untracked 
|   4|0x0000000700800000, 0x0000000700a00000, 0x0000000700a00000|100%| O|  |TAMS 0x0000000700a00000| PB 0x0000000700800000| Untracked 
|   5|0x0000000700a00000, 0x0000000700c00000, 0x0000000700c00000|100%| O|  |TAMS 0x0000000700c00000| PB 0x0000000700a00000| Untracked 
|   6|0x0000000700c00000, 0x0000000700e00000, 0x0000000700e00000|100%| O|  |TAMS 0x0000000700e00000| PB 0x0000000700c00000| Untracked 
|   7|0x0000000700e00000, 0x0000000701000000, 0x0000000701000000|100%|HS|  |TAMS 0x0000000701000000| PB 0x0000000700e00000| Complete 
|   8|0x0000000701000000, 0x0000000701200000, 0x0000000701200000|100%|HC|  |TAMS 0x0000000701200000| PB 0x0000000701000000| Complete 
|   9|0x0000000701200000, 0x0000000701400000, 0x0000000701400000|100%|HC|  |TAMS 0x0000000701400000| PB 0x0000000701200000| Complete 
|  10|0x0000000701400000, 0x0000000701600000, 0x0000000701600000|100%|HS|  |TAMS 0x0000000701600000| PB 0x0000000701400000| Complete 
|  11|0x0000000701600000, 0x0000000701800000, 0x0000000701800000|100%|HC|  |TAMS 0x0000000701800000| PB 0x0000000701600000| Complete 
|  12|0x0000000701800000, 0x0000000701a00000, 0x0000000701a00000|100%|HC|  |TAMS 0x0000000701a00000| PB 0x0000000701800000| Complete 
|  13|0x0000000701a00000, 0x0000000701c00000, 0x0000000701c00000|100%| O|  |TAMS 0x0000000701c00000| PB 0x0000000701a00000| Untracked 
|  14|0x0000000701c00000, 0x0000000701e00000, 0x0000000701e00000|100%| O|  |TAMS 0x0000000701e00000| PB 0x0000000701c00000| Untracked 
|  15|0x0000000701e00000, 0x0000000702000000, 0x0000000702000000|100%| O|  |TAMS 0x0000000702000000| PB 0x0000000701e00000| Untracked 
|  16|0x0000000702000000, 0x0000000702200000, 0x0000000702200000|100%| O|  |TAMS 0x0000000702200000| PB 0x0000000702000000| Untracked 
|  17|0x0000000702200000, 0x0000000702400000, 0x0000000702400000|100%| O|  |TAMS 0x0000000702400000| PB 0x0000000702200000| Untracked 
|  18|0x0000000702400000, 0x0000000702600000, 0x0000000702600000|100%| O|  |TAMS 0x0000000702600000| PB 0x0000000702400000| Untracked 
|  19|0x0000000702600000, 0x0000000702800000, 0x0000000702800000|100%| O|  |TAMS 0x0000000702800000| PB 0x0000000702600000| Untracked 
|  20|0x0000000702800000, 0x0000000702a00000, 0x0000000702a00000|100%| O|  |TAMS 0x0000000702a00000| PB 0x0000000702800000| Untracked 
|  21|0x0000000702a00000, 0x0000000702c00000, 0x0000000702c00000|100%| O|  |TAMS 0x0000000702c00000| PB 0x0000000702a00000| Untracked 
|  22|0x0000000702c00000, 0x0000000702e00000, 0x0000000702e00000|100%| O|  |TAMS 0x0000000702e00000| PB 0x0000000702c00000| Untracked 
|  23|0x0000000702e00000, 0x0000000703000000, 0x0000000703000000|100%| O|  |TAMS 0x0000000703000000| PB 0x0000000702e00000| Untracked 
|  24|0x0000000703000000, 0x0000000703200000, 0x0000000703200000|100%| O|  |TAMS 0x0000000703200000| PB 0x0000000703000000| Untracked 
|  25|0x0000000703200000, 0x0000000703400000, 0x0000000703400000|100%| O|  |TAMS 0x0000000703400000| PB 0x0000000703200000| Untracked 
|  26|0x0000000703400000, 0x0000000703600000, 0x0000000703600000|100%| O|  |TAMS 0x0000000703600000| PB 0x0000000703400000| Untracked 
|  27|0x0000000703600000, 0x0000000703800000, 0x0000000703800000|100%| O|  |TAMS 0x0000000703800000| PB 0x0000000703600000| Untracked 
|  28|0x0000000703800000, 0x0000000703a00000, 0x0000000703a00000|100%| O|  |TAMS 0x0000000703a00000| PB 0x0000000703800000| Untracked 
|  29|0x0000000703a00000, 0x0000000703c00000, 0x0000000703c00000|100%| O|  |TAMS 0x0000000703c00000| PB 0x0000000703a00000| Untracked 
|  30|0x0000000703c00000, 0x0000000703e00000, 0x0000000703e00000|100%| O|  |TAMS 0x0000000703e00000| PB 0x0000000703c00000| Untracked 
|  31|0x0000000703e00000, 0x0000000704000000, 0x0000000704000000|100%| O|  |TAMS 0x0000000704000000| PB 0x0000000703e00000| Untracked 
|  32|0x0000000704000000, 0x0000000704200000, 0x0000000704200000|100%| O|  |TAMS 0x0000000704200000| PB 0x0000000704000000| Untracked 
|  33|0x0000000704200000, 0x0000000704400000, 0x0000000704400000|100%| O|  |TAMS 0x0000000704400000| PB 0x0000000704200000| Untracked 
|  34|0x0000000704400000, 0x0000000704600000, 0x0000000704600000|100%| O|  |TAMS 0x0000000704600000| PB 0x0000000704400000| Untracked 
|  35|0x0000000704600000, 0x0000000704800000, 0x0000000704800000|100%| O|  |TAMS 0x0000000704800000| PB 0x0000000704600000| Untracked 
|  36|0x0000000704800000, 0x0000000704a00000, 0x0000000704a00000|100%| O|  |TAMS 0x0000000704a00000| PB 0x0000000704800000| Untracked 
|  37|0x0000000704a00000, 0x0000000704c00000, 0x0000000704c00000|100%| O|  |TAMS 0x0000000704c00000| PB 0x0000000704a00000| Untracked 
|  38|0x0000000704c00000, 0x0000000704e00000, 0x0000000704e00000|100%|HS|  |TAMS 0x0000000704e00000| PB 0x0000000704c00000| Complete 
|  39|0x0000000704e00000, 0x0000000705000000, 0x0000000705000000|100%| O|  |TAMS 0x0000000705000000| PB 0x0000000704e00000| Untracked 
|  40|0x0000000705000000, 0x0000000705200000, 0x0000000705200000|100%| O|  |TAMS 0x0000000705200000| PB 0x0000000705000000| Untracked 
|  41|0x0000000705200000, 0x0000000705400000, 0x0000000705400000|100%| O|  |TAMS 0x0000000705400000| PB 0x0000000705200000| Untracked 
|  42|0x0000000705400000, 0x0000000705600000, 0x0000000705600000|100%| O|  |TAMS 0x0000000705600000| PB 0x0000000705400000| Untracked 
|  43|0x0000000705600000, 0x0000000705800000, 0x0000000705800000|100%| O|  |TAMS 0x0000000705800000| PB 0x0000000705600000| Untracked 
|  44|0x0000000705800000, 0x0000000705a00000, 0x0000000705a00000|100%| O|  |TAMS 0x0000000705a00000| PB 0x0000000705800000| Untracked 
|  45|0x0000000705a00000, 0x0000000705c00000, 0x0000000705c00000|100%| O|  |TAMS 0x0000000705c00000| PB 0x0000000705a00000| Untracked 
|  46|0x0000000705c00000, 0x0000000705e00000, 0x0000000705e00000|100%| O|  |TAMS 0x0000000705e00000| PB 0x0000000705c00000| Untracked 
|  47|0x0000000705e00000, 0x0000000706000000, 0x0000000706000000|100%| O|  |TAMS 0x0000000706000000| PB 0x0000000705e00000| Untracked 
|  48|0x0000000706000000, 0x0000000706200000, 0x0000000706200000|100%| O|  |TAMS 0x0000000706200000| PB 0x0000000706000000| Untracked 
|  49|0x0000000706200000, 0x0000000706400000, 0x0000000706400000|100%| O|  |TAMS 0x0000000706400000| PB 0x0000000706200000| Untracked 
|  50|0x0000000706400000, 0x0000000706600000, 0x0000000706600000|100%| O|  |TAMS 0x0000000706600000| PB 0x0000000706400000| Untracked 
|  51|0x0000000706600000, 0x0000000706800000, 0x0000000706800000|100%| O|  |TAMS 0x0000000706800000| PB 0x0000000706600000| Untracked 
|  52|0x0000000706800000, 0x0000000706a00000, 0x0000000706a00000|100%|HS|  |TAMS 0x0000000706a00000| PB 0x0000000706800000| Complete 
|  53|0x0000000706a00000, 0x0000000706c00000, 0x0000000706c00000|100%| O|  |TAMS 0x0000000706c00000| PB 0x0000000706a00000| Untracked 
|  54|0x0000000706c00000, 0x0000000706e00000, 0x0000000706e00000|100%| O|  |TAMS 0x0000000706e00000| PB 0x0000000706c00000| Untracked 
|  55|0x0000000706e00000, 0x0000000707000000, 0x0000000707000000|100%| O|  |TAMS 0x0000000707000000| PB 0x0000000706e00000| Untracked 
|  56|0x0000000707000000, 0x0000000707200000, 0x0000000707200000|100%| O|  |TAMS 0x0000000707200000| PB 0x0000000707000000| Untracked 
|  57|0x0000000707200000, 0x0000000707400000, 0x0000000707400000|100%| O|  |TAMS 0x0000000707400000| PB 0x0000000707200000| Untracked 
|  58|0x0000000707400000, 0x0000000707600000, 0x0000000707600000|100%| O|  |TAMS 0x0000000707600000| PB 0x0000000707400000| Untracked 
|  59|0x0000000707600000, 0x0000000707800000, 0x0000000707800000|100%| O|  |TAMS 0x0000000707800000| PB 0x0000000707600000| Untracked 
|  60|0x0000000707800000, 0x0000000707a00000, 0x0000000707a00000|100%| O|  |TAMS 0x0000000707a00000| PB 0x0000000707800000| Untracked 
|  61|0x0000000707a00000, 0x0000000707c00000, 0x0000000707c00000|100%| O|  |TAMS 0x0000000707c00000| PB 0x0000000707a00000| Untracked 
|  62|0x0000000707c00000, 0x0000000707e00000, 0x0000000707e00000|100%| O|  |TAMS 0x0000000707e00000| PB 0x0000000707c00000| Untracked 
|  63|0x0000000707e00000, 0x0000000708000000, 0x0000000708000000|100%| O|  |TAMS 0x0000000708000000| PB 0x0000000707e00000| Untracked 
|  64|0x0000000708000000, 0x0000000708200000, 0x0000000708200000|100%| O|  |TAMS 0x0000000708200000| PB 0x0000000708000000| Untracked 
|  65|0x0000000708200000, 0x0000000708400000, 0x0000000708400000|100%| O|  |TAMS 0x0000000708400000| PB 0x0000000708200000| Untracked 
|  66|0x0000000708400000, 0x0000000708600000, 0x0000000708600000|100%| O|  |TAMS 0x0000000708600000| PB 0x0000000708400000| Untracked 
|  67|0x0000000708600000, 0x0000000708800000, 0x0000000708800000|100%| O|  |TAMS 0x0000000708800000| PB 0x0000000708600000| Untracked 
|  68|0x0000000708800000, 0x0000000708a00000, 0x0000000708a00000|100%| O|  |TAMS 0x0000000708a00000| PB 0x0000000708800000| Untracked 
|  69|0x0000000708a00000, 0x0000000708c00000, 0x0000000708c00000|100%| O|  |TAMS 0x0000000708c00000| PB 0x0000000708a00000| Untracked 
|  70|0x0000000708c00000, 0x0000000708e00000, 0x0000000708e00000|100%| O|  |TAMS 0x0000000708e00000| PB 0x0000000708c00000| Untracked 
|  71|0x0000000708e00000, 0x0000000709000000, 0x0000000709000000|100%| O|  |TAMS 0x0000000709000000| PB 0x0000000708e00000| Untracked 
|  72|0x0000000709000000, 0x0000000709200000, 0x0000000709200000|100%| O|  |TAMS 0x0000000709200000| PB 0x0000000709000000| Untracked 
|  73|0x0000000709200000, 0x0000000709400000, 0x0000000709400000|100%| O|  |TAMS 0x0000000709400000| PB 0x0000000709200000| Untracked 
|  74|0x0000000709400000, 0x0000000709600000, 0x0000000709600000|100%| O|  |TAMS 0x0000000709600000| PB 0x0000000709400000| Untracked 
|  75|0x0000000709600000, 0x0000000709800000, 0x0000000709800000|100%| O|  |TAMS 0x0000000709800000| PB 0x0000000709600000| Untracked 
|  76|0x0000000709800000, 0x0000000709a00000, 0x0000000709a00000|100%| O|  |TAMS 0x0000000709a00000| PB 0x0000000709800000| Untracked 
|  77|0x0000000709a00000, 0x0000000709c00000, 0x0000000709c00000|100%| O|  |TAMS 0x0000000709c00000| PB 0x0000000709a00000| Untracked 
|  78|0x0000000709c00000, 0x0000000709e00000, 0x0000000709e00000|100%| O|  |TAMS 0x0000000709e00000| PB 0x0000000709c00000| Untracked 
|  79|0x0000000709e00000, 0x000000070a000000, 0x000000070a000000|100%| O|  |TAMS 0x000000070a000000| PB 0x0000000709e00000| Untracked 
|  80|0x000000070a000000, 0x000000070a200000, 0x000000070a200000|100%| O|  |TAMS 0x000000070a200000| PB 0x000000070a000000| Untracked 
|  81|0x000000070a200000, 0x000000070a400000, 0x000000070a400000|100%| O|  |TAMS 0x000000070a400000| PB 0x000000070a200000| Untracked 
|  82|0x000000070a400000, 0x000000070a600000, 0x000000070a600000|100%| O|  |TAMS 0x000000070a600000| PB 0x000000070a400000| Untracked 
|  83|0x000000070a600000, 0x000000070a800000, 0x000000070a800000|100%| O|  |TAMS 0x000000070a800000| PB 0x000000070a600000| Untracked 
|  84|0x000000070a800000, 0x000000070aa00000, 0x000000070aa00000|100%| O|  |TAMS 0x000000070aa00000| PB 0x000000070a800000| Untracked 
|  85|0x000000070aa00000, 0x000000070ac00000, 0x000000070ac00000|100%| O|  |TAMS 0x000000070aa00000| PB 0x000000070aa00000| Untracked 
|  86|0x000000070ac00000, 0x000000070ae00000, 0x000000070ae00000|100%| O|  |TAMS 0x000000070ae00000| PB 0x000000070ac00000| Untracked 
|  87|0x000000070ae00000, 0x000000070b000000, 0x000000070b000000|100%| O|  |TAMS 0x000000070ae00000| PB 0x000000070ae00000| Untracked 
|  88|0x000000070b000000, 0x000000070b200000, 0x000000070b200000|100%| O|  |TAMS 0x000000070b200000| PB 0x000000070b000000| Untracked 
|  89|0x000000070b200000, 0x000000070b400000, 0x000000070b400000|100%| O|  |TAMS 0x000000070b400000| PB 0x000000070b200000| Untracked 
|  90|0x000000070b400000, 0x000000070b600000, 0x000000070b600000|100%| O|  |TAMS 0x000000070b600000| PB 0x000000070b400000| Untracked 
|  91|0x000000070b600000, 0x000000070b800000, 0x000000070b800000|100%| O|  |TAMS 0x000000070b600000| PB 0x000000070b600000| Untracked 
|  92|0x000000070b800000, 0x000000070ba00000, 0x000000070ba00000|100%| O|  |TAMS 0x000000070ba00000| PB 0x000000070b800000| Untracked 
|  93|0x000000070ba00000, 0x000000070bc00000, 0x000000070bc00000|100%| O|  |TAMS 0x000000070bc00000| PB 0x000000070ba00000| Untracked 
|  94|0x000000070bc00000, 0x000000070be00000, 0x000000070be00000|100%| O|  |TAMS 0x000000070be00000| PB 0x000000070bc00000| Untracked 
|  95|0x000000070be00000, 0x000000070c000000, 0x000000070c000000|100%| O|  |TAMS 0x000000070be00000| PB 0x000000070be00000| Untracked 
|  96|0x000000070c000000, 0x000000070c200000, 0x000000070c200000|100%| O|  |TAMS 0x000000070c200000| PB 0x000000070c000000| Untracked 
|  97|0x000000070c200000, 0x000000070c400000, 0x000000070c400000|100%| O|  |TAMS 0x000000070c400000| PB 0x000000070c200000| Untracked 
|  98|0x000000070c400000, 0x000000070c600000, 0x000000070c600000|100%| O|  |TAMS 0x000000070c600000| PB 0x000000070c400000| Untracked 
|  99|0x000000070c600000, 0x000000070c800000, 0x000000070c800000|100%|HS|  |TAMS 0x000000070c800000| PB 0x000000070c600000| Complete 
| 100|0x000000070c800000, 0x000000070ca00000, 0x000000070ca00000|100%|HC|  |TAMS 0x000000070ca00000| PB 0x000000070c800000| Complete 
| 101|0x000000070ca00000, 0x000000070cc00000, 0x000000070cc00000|100%|HC|  |TAMS 0x000000070cc00000| PB 0x000000070ca00000| Complete 
| 102|0x000000070cc00000, 0x000000070ce00000, 0x000000070ce00000|100%| O|  |TAMS 0x000000070ce00000| PB 0x000000070cc00000| Untracked 
| 103|0x000000070ce00000, 0x000000070d000000, 0x000000070d000000|100%| O|  |TAMS 0x000000070d000000| PB 0x000000070ce00000| Untracked 
| 104|0x000000070d000000, 0x000000070d200000, 0x000000070d200000|100%| O|  |TAMS 0x000000070d200000| PB 0x000000070d000000| Untracked 
| 105|0x000000070d200000, 0x000000070d400000, 0x000000070d400000|100%| O|  |TAMS 0x000000070d400000| PB 0x000000070d200000| Untracked 
| 106|0x000000070d400000, 0x000000070d600000, 0x000000070d600000|100%| O|  |TAMS 0x000000070d600000| PB 0x000000070d400000| Untracked 
| 107|0x000000070d600000, 0x000000070d800000, 0x000000070d800000|100%| O|  |TAMS 0x000000070d800000| PB 0x000000070d600000| Untracked 
| 108|0x000000070d800000, 0x000000070da00000, 0x000000070da00000|100%| O|  |TAMS 0x000000070da00000| PB 0x000000070d800000| Untracked 
| 109|0x000000070da00000, 0x000000070dc00000, 0x000000070dc00000|100%| O|  |TAMS 0x000000070dc00000| PB 0x000000070da00000| Untracked 
| 110|0x000000070dc00000, 0x000000070de00000, 0x000000070de00000|100%| O|  |TAMS 0x000000070de00000| PB 0x000000070dc00000| Untracked 
| 111|0x000000070de00000, 0x000000070e000000, 0x000000070e000000|100%| O|  |TAMS 0x000000070e000000| PB 0x000000070de00000| Untracked 
| 112|0x000000070e000000, 0x000000070e200000, 0x000000070e200000|100%| O|  |TAMS 0x000000070e200000| PB 0x000000070e000000| Untracked 
| 113|0x000000070e200000, 0x000000070e400000, 0x000000070e400000|100%| O|  |TAMS 0x000000070e400000| PB 0x000000070e200000| Untracked 
| 114|0x000000070e400000, 0x000000070e600000, 0x000000070e600000|100%| O|  |TAMS 0x000000070e600000| PB 0x000000070e400000| Untracked 
| 115|0x000000070e600000, 0x000000070e800000, 0x000000070e800000|100%| O|  |TAMS 0x000000070e800000| PB 0x000000070e600000| Untracked 
| 116|0x000000070e800000, 0x000000070ea00000, 0x000000070ea00000|100%| O|  |TAMS 0x000000070ea00000| PB 0x000000070e800000| Untracked 
| 117|0x000000070ea00000, 0x000000070ec00000, 0x000000070ec00000|100%| O|  |TAMS 0x000000070ec00000| PB 0x000000070ea00000| Untracked 
| 118|0x000000070ec00000, 0x000000070ee00000, 0x000000070ee00000|100%| O|  |TAMS 0x000000070ee00000| PB 0x000000070ec00000| Untracked 
| 119|0x000000070ee00000, 0x000000070f000000, 0x000000070f000000|100%| O|  |TAMS 0x000000070f000000| PB 0x000000070ee00000| Untracked 
| 120|0x000000070f000000, 0x000000070f200000, 0x000000070f200000|100%| O|  |TAMS 0x000000070f200000| PB 0x000000070f000000| Untracked 
| 121|0x000000070f200000, 0x000000070f400000, 0x000000070f400000|100%| O|  |TAMS 0x000000070f400000| PB 0x000000070f200000| Untracked 
| 122|0x000000070f400000, 0x000000070f600000, 0x000000070f600000|100%| O|  |TAMS 0x000000070f600000| PB 0x000000070f400000| Untracked 
| 123|0x000000070f600000, 0x000000070f800000, 0x000000070f800000|100%| O|  |TAMS 0x000000070f800000| PB 0x000000070f600000| Untracked 
| 124|0x000000070f800000, 0x000000070fa00000, 0x000000070fa00000|100%| O|  |TAMS 0x000000070fa00000| PB 0x000000070f800000| Untracked 
| 125|0x000000070fa00000, 0x000000070fc00000, 0x000000070fc00000|100%| O|  |TAMS 0x000000070fc00000| PB 0x000000070fa00000| Untracked 
| 126|0x000000070fc00000, 0x000000070fe00000, 0x000000070fe00000|100%| O|  |TAMS 0x000000070fe00000| PB 0x000000070fc00000| Untracked 
| 127|0x000000070fe00000, 0x0000000710000000, 0x0000000710000000|100%| O|  |TAMS 0x0000000710000000| PB 0x000000070fe00000| Untracked 
| 128|0x0000000710000000, 0x0000000710200000, 0x0000000710200000|100%| O|  |TAMS 0x0000000710200000| PB 0x0000000710000000| Untracked 
| 129|0x0000000710200000, 0x0000000710400000, 0x0000000710400000|100%| O|  |TAMS 0x0000000710400000| PB 0x0000000710200000| Untracked 
| 130|0x0000000710400000, 0x0000000710600000, 0x0000000710600000|100%| O|  |TAMS 0x0000000710600000| PB 0x0000000710400000| Untracked 
| 131|0x0000000710600000, 0x0000000710800000, 0x0000000710800000|100%| O|  |TAMS 0x0000000710800000| PB 0x0000000710600000| Untracked 
| 132|0x0000000710800000, 0x0000000710a00000, 0x0000000710a00000|100%|HS|  |TAMS 0x0000000710a00000| PB 0x0000000710800000| Complete 
| 133|0x0000000710a00000, 0x0000000710c00000, 0x0000000710c00000|100%| O|  |TAMS 0x0000000710c00000| PB 0x0000000710a00000| Untracked 
| 134|0x0000000710c00000, 0x0000000710e00000, 0x0000000710e00000|100%| O|  |TAMS 0x0000000710e00000| PB 0x0000000710c00000| Untracked 
| 135|0x0000000710e00000, 0x0000000711000000, 0x0000000711000000|100%| O|  |TAMS 0x0000000710e00000| PB 0x0000000710e00000| Untracked 
| 136|0x0000000711000000, 0x0000000711200000, 0x0000000711200000|100%| O|  |TAMS 0x0000000711200000| PB 0x0000000711000000| Untracked 
| 137|0x0000000711200000, 0x0000000711400000, 0x0000000711400000|100%| O|  |TAMS 0x0000000711400000| PB 0x0000000711200000| Untracked 
| 138|0x0000000711400000, 0x0000000711600000, 0x0000000711600000|100%| O|  |TAMS 0x0000000711400000| PB 0x0000000711400000| Untracked 
| 139|0x0000000711600000, 0x0000000711800000, 0x0000000711800000|100%| O|  |TAMS 0x0000000711800000| PB 0x0000000711600000| Untracked 
| 140|0x0000000711800000, 0x0000000711a00000, 0x0000000711a00000|100%| O|  |TAMS 0x0000000711a00000| PB 0x0000000711800000| Untracked 
| 141|0x0000000711a00000, 0x0000000711c00000, 0x0000000711c00000|100%| O|  |TAMS 0x0000000711c00000| PB 0x0000000711a00000| Untracked 
| 142|0x0000000711c00000, 0x0000000711e00000, 0x0000000711e00000|100%| O|  |TAMS 0x0000000711e00000| PB 0x0000000711c00000| Untracked 
| 143|0x0000000711e00000, 0x0000000712000000, 0x0000000712000000|100%| O|  |TAMS 0x0000000711e00000| PB 0x0000000711e00000| Untracked 
| 144|0x0000000712000000, 0x0000000712200000, 0x0000000712200000|100%| O|  |TAMS 0x0000000712000000| PB 0x0000000712000000| Untracked 
| 145|0x0000000712200000, 0x0000000712400000, 0x0000000712400000|100%| O|  |TAMS 0x0000000712200000| PB 0x0000000712200000| Untracked 
| 146|0x0000000712400000, 0x00000007124e9280, 0x0000000712600000| 45%| O|  |TAMS 0x0000000712400000| PB 0x0000000712400000| Untracked 
| 147|0x0000000712600000, 0x0000000712600000, 0x0000000712800000|  0%| F|  |TAMS 0x0000000712600000| PB 0x0000000712600000| Untracked 
| 148|0x0000000712800000, 0x0000000712800000, 0x0000000712a00000|  0%| F|  |TAMS 0x0000000712800000| PB 0x0000000712800000| Untracked 
| 149|0x0000000712a00000, 0x0000000712a00000, 0x0000000712c00000|  0%| F|  |TAMS 0x0000000712a00000| PB 0x0000000712a00000| Untracked 
| 150|0x0000000712c00000, 0x0000000712c00000, 0x0000000712e00000|  0%| F|  |TAMS 0x0000000712c00000| PB 0x0000000712c00000| Untracked 
| 151|0x0000000712e00000, 0x0000000713000000, 0x0000000713000000|100%| O|  |TAMS 0x0000000713000000| PB 0x0000000712e00000| Untracked 
| 152|0x0000000713000000, 0x0000000713200000, 0x0000000713200000|100%| O|  |TAMS 0x0000000713200000| PB 0x0000000713000000| Untracked 
| 153|0x0000000713200000, 0x0000000713400000, 0x0000000713400000|100%| O|  |TAMS 0x0000000713400000| PB 0x0000000713200000| Untracked 
| 154|0x0000000713400000, 0x0000000713600000, 0x0000000713600000|100%| O|  |TAMS 0x0000000713600000| PB 0x0000000713400000| Untracked 
| 155|0x0000000713600000, 0x0000000713800000, 0x0000000713800000|100%| O|  |TAMS 0x0000000713800000| PB 0x0000000713600000| Untracked 
| 156|0x0000000713800000, 0x0000000713a00000, 0x0000000713a00000|100%| O|  |TAMS 0x0000000713a00000| PB 0x0000000713800000| Untracked 
| 157|0x0000000713a00000, 0x0000000713c00000, 0x0000000713c00000|100%| O|  |TAMS 0x0000000713c00000| PB 0x0000000713a00000| Untracked 
| 158|0x0000000713c00000, 0x0000000713e00000, 0x0000000713e00000|100%| O|  |TAMS 0x0000000713e00000| PB 0x0000000713c00000| Untracked 
| 159|0x0000000713e00000, 0x0000000714000000, 0x0000000714000000|100%| O|  |TAMS 0x0000000714000000| PB 0x0000000713e00000| Untracked 
| 160|0x0000000714000000, 0x0000000714200000, 0x0000000714200000|100%| O|  |TAMS 0x0000000714200000| PB 0x0000000714000000| Untracked 
| 161|0x0000000714200000, 0x0000000714400000, 0x0000000714400000|100%| O|  |TAMS 0x0000000714400000| PB 0x0000000714200000| Untracked 
| 162|0x0000000714400000, 0x0000000714600000, 0x0000000714600000|100%| O|  |TAMS 0x0000000714600000| PB 0x0000000714400000| Untracked 
| 163|0x0000000714600000, 0x0000000714800000, 0x0000000714800000|100%| O|  |TAMS 0x0000000714800000| PB 0x0000000714600000| Untracked 
| 164|0x0000000714800000, 0x0000000714a00000, 0x0000000714a00000|100%| O|  |TAMS 0x0000000714a00000| PB 0x0000000714800000| Untracked 
| 165|0x0000000714a00000, 0x0000000714c00000, 0x0000000714c00000|100%| O|  |TAMS 0x0000000714c00000| PB 0x0000000714a00000| Untracked 
| 166|0x0000000714c00000, 0x0000000714e00000, 0x0000000714e00000|100%| O|  |TAMS 0x0000000714e00000| PB 0x0000000714c00000| Untracked 
| 167|0x0000000714e00000, 0x0000000715000000, 0x0000000715000000|100%| O|  |TAMS 0x0000000715000000| PB 0x0000000714e00000| Untracked 
| 168|0x0000000715000000, 0x0000000715000000, 0x0000000715200000|  0%| F|  |TAMS 0x0000000715000000| PB 0x0000000715000000| Untracked 
| 169|0x0000000715200000, 0x0000000715200000, 0x0000000715400000|  0%| F|  |TAMS 0x0000000715200000| PB 0x0000000715200000| Untracked 
| 170|0x0000000715400000, 0x0000000715600000, 0x0000000715600000|100%| O|  |TAMS 0x0000000715600000| PB 0x0000000715400000| Untracked 
| 171|0x0000000715600000, 0x0000000715800000, 0x0000000715800000|100%|HS|  |TAMS 0x0000000715800000| PB 0x0000000715600000| Complete 
| 172|0x0000000715800000, 0x0000000715a00000, 0x0000000715a00000|100%| O|  |TAMS 0x0000000715a00000| PB 0x0000000715800000| Untracked 
| 173|0x0000000715a00000, 0x0000000715c00000, 0x0000000715c00000|100%| O|  |TAMS 0x0000000715c00000| PB 0x0000000715a00000| Untracked 
| 174|0x0000000715c00000, 0x0000000715e00000, 0x0000000715e00000|100%| O|  |TAMS 0x0000000715e00000| PB 0x0000000715c00000| Untracked 
| 175|0x0000000715e00000, 0x0000000716000000, 0x0000000716000000|100%| O|  |TAMS 0x0000000716000000| PB 0x0000000715e00000| Untracked 
| 176|0x0000000716000000, 0x0000000716200000, 0x0000000716200000|100%| O|  |TAMS 0x0000000716200000| PB 0x0000000716000000| Untracked 
| 177|0x0000000716200000, 0x0000000716400000, 0x0000000716400000|100%| O|  |TAMS 0x0000000716400000| PB 0x0000000716200000| Untracked 
| 178|0x0000000716400000, 0x0000000716600000, 0x0000000716600000|100%| O|  |TAMS 0x0000000716600000| PB 0x0000000716400000| Untracked 
| 179|0x0000000716600000, 0x0000000716800000, 0x0000000716800000|100%| O|  |TAMS 0x0000000716800000| PB 0x0000000716600000| Untracked 
| 180|0x0000000716800000, 0x0000000716a00000, 0x0000000716a00000|100%| O|  |TAMS 0x0000000716a00000| PB 0x0000000716800000| Untracked 
| 181|0x0000000716a00000, 0x0000000716c00000, 0x0000000716c00000|100%| O|  |TAMS 0x0000000716c00000| PB 0x0000000716a00000| Untracked 
| 182|0x0000000716c00000, 0x0000000716e00000, 0x0000000716e00000|100%| O|  |TAMS 0x0000000716e00000| PB 0x0000000716c00000| Untracked 
| 183|0x0000000716e00000, 0x0000000716e00000, 0x0000000717000000|  0%| F|  |TAMS 0x0000000716e00000| PB 0x0000000716e00000| Untracked 
| 184|0x0000000717000000, 0x0000000717000000, 0x0000000717200000|  0%| F|  |TAMS 0x0000000717000000| PB 0x0000000717000000| Untracked 
| 185|0x0000000717200000, 0x0000000717400000, 0x0000000717400000|100%| O|  |TAMS 0x0000000717400000| PB 0x0000000717200000| Untracked 
| 186|0x0000000717400000, 0x0000000717400000, 0x0000000717600000|  0%| F|  |TAMS 0x0000000717400000| PB 0x0000000717400000| Untracked 
| 187|0x0000000717600000, 0x0000000717600000, 0x0000000717800000|  0%| F|  |TAMS 0x0000000717600000| PB 0x0000000717600000| Untracked 
| 188|0x0000000717800000, 0x0000000717800000, 0x0000000717a00000|  0%| F|  |TAMS 0x0000000717800000| PB 0x0000000717800000| Untracked 
| 189|0x0000000717a00000, 0x0000000717a00000, 0x0000000717c00000|  0%| F|  |TAMS 0x0000000717a00000| PB 0x0000000717a00000| Untracked 
| 190|0x0000000717c00000, 0x0000000717c00000, 0x0000000717e00000|  0%| F|  |TAMS 0x0000000717c00000| PB 0x0000000717c00000| Untracked 
| 191|0x0000000717e00000, 0x0000000717e00000, 0x0000000718000000|  0%| F|  |TAMS 0x0000000717e00000| PB 0x0000000717e00000| Untracked 
| 192|0x0000000718000000, 0x0000000718000000, 0x0000000718200000|  0%| F|  |TAMS 0x0000000718000000| PB 0x0000000718000000| Untracked 
| 193|0x0000000718200000, 0x0000000718200000, 0x0000000718400000|  0%| F|  |TAMS 0x0000000718200000| PB 0x0000000718200000| Untracked 
| 194|0x0000000718400000, 0x0000000718400000, 0x0000000718600000|  0%| F|  |TAMS 0x0000000718400000| PB 0x0000000718400000| Untracked 
| 195|0x0000000718600000, 0x0000000718800000, 0x0000000718800000|100%| O|  |TAMS 0x0000000718800000| PB 0x0000000718600000| Untracked 
| 196|0x0000000718800000, 0x0000000718a00000, 0x0000000718a00000|100%| O|  |TAMS 0x0000000718a00000| PB 0x0000000718800000| Untracked 
| 197|0x0000000718a00000, 0x0000000718c00000, 0x0000000718c00000|100%| O|  |TAMS 0x0000000718c00000| PB 0x0000000718a00000| Untracked 
| 198|0x0000000718c00000, 0x0000000718e00000, 0x0000000718e00000|100%| O|  |TAMS 0x0000000718e00000| PB 0x0000000718c00000| Untracked 
| 199|0x0000000718e00000, 0x0000000719000000, 0x0000000719000000|100%| O|  |TAMS 0x0000000719000000| PB 0x0000000718e00000| Untracked 
| 200|0x0000000719000000, 0x0000000719200000, 0x0000000719200000|100%| O|  |TAMS 0x00000007190cc930| PB 0x0000000719000000| Untracked 
| 201|0x0000000719200000, 0x0000000719200000, 0x0000000719400000|  0%| F|  |TAMS 0x0000000719200000| PB 0x0000000719200000| Untracked 
| 202|0x0000000719400000, 0x0000000719400000, 0x0000000719600000|  0%| F|  |TAMS 0x0000000719400000| PB 0x0000000719400000| Untracked 
| 203|0x0000000719600000, 0x0000000719600000, 0x0000000719800000|  0%| F|  |TAMS 0x0000000719600000| PB 0x0000000719600000| Untracked 
| 204|0x0000000719800000, 0x0000000719800000, 0x0000000719a00000|  0%| F|  |TAMS 0x0000000719800000| PB 0x0000000719800000| Untracked 
| 205|0x0000000719a00000, 0x0000000719a00000, 0x0000000719c00000|  0%| F|  |TAMS 0x0000000719a00000| PB 0x0000000719a00000| Untracked 
| 206|0x0000000719c00000, 0x0000000719c00000, 0x0000000719e00000|  0%| F|  |TAMS 0x0000000719c00000| PB 0x0000000719c00000| Untracked 
| 207|0x0000000719e00000, 0x0000000719e00000, 0x000000071a000000|  0%| F|  |TAMS 0x0000000719e00000| PB 0x0000000719e00000| Untracked 
| 208|0x000000071a000000, 0x000000071a000000, 0x000000071a200000|  0%| F|  |TAMS 0x000000071a000000| PB 0x000000071a000000| Untracked 
| 209|0x000000071a200000, 0x000000071a200000, 0x000000071a400000|  0%| F|  |TAMS 0x000000071a200000| PB 0x000000071a200000| Untracked 
| 210|0x000000071a400000, 0x000000071a400000, 0x000000071a600000|  0%| F|  |TAMS 0x000000071a400000| PB 0x000000071a400000| Untracked 
| 211|0x000000071a600000, 0x000000071a600000, 0x000000071a800000|  0%| F|  |TAMS 0x000000071a600000| PB 0x000000071a600000| Untracked 
| 212|0x000000071a800000, 0x000000071a800000, 0x000000071aa00000|  0%| F|  |TAMS 0x000000071a800000| PB 0x000000071a800000| Untracked 
| 213|0x000000071aa00000, 0x000000071aa00000, 0x000000071ac00000|  0%| F|  |TAMS 0x000000071aa00000| PB 0x000000071aa00000| Untracked 
| 214|0x000000071ac00000, 0x000000071ac00000, 0x000000071ae00000|  0%| F|  |TAMS 0x000000071ac00000| PB 0x000000071ac00000| Untracked 
| 215|0x000000071ae00000, 0x000000071b000000, 0x000000071b000000|100%| O|  |TAMS 0x000000071b000000| PB 0x000000071ae00000| Untracked 
| 216|0x000000071b000000, 0x000000071b200000, 0x000000071b200000|100%| O|  |TAMS 0x000000071b200000| PB 0x000000071b000000| Untracked 
| 217|0x000000071b200000, 0x000000071b400000, 0x000000071b400000|100%| O|  |TAMS 0x000000071b400000| PB 0x000000071b200000| Untracked 
| 218|0x000000071b400000, 0x000000071b600000, 0x000000071b600000|100%| O|  |TAMS 0x000000071b600000| PB 0x000000071b400000| Untracked 
| 219|0x000000071b600000, 0x000000071b800000, 0x000000071b800000|100%| O|  |TAMS 0x000000071b800000| PB 0x000000071b600000| Untracked 
| 220|0x000000071b800000, 0x000000071ba00000, 0x000000071ba00000|100%| O|  |TAMS 0x000000071ba00000| PB 0x000000071b800000| Untracked 
| 221|0x000000071ba00000, 0x000000071bc00000, 0x000000071bc00000|100%| O|  |TAMS 0x000000071bc00000| PB 0x000000071ba00000| Untracked 
| 222|0x000000071bc00000, 0x000000071be00000, 0x000000071be00000|100%| O|  |TAMS 0x000000071be00000| PB 0x000000071bc00000| Untracked 
| 223|0x000000071be00000, 0x000000071c000000, 0x000000071c000000|100%| O|  |TAMS 0x000000071c000000| PB 0x000000071be00000| Untracked 
| 224|0x000000071c000000, 0x000000071c200000, 0x000000071c200000|100%| O|  |TAMS 0x000000071c200000| PB 0x000000071c000000| Untracked 
| 225|0x000000071c200000, 0x000000071c400000, 0x000000071c400000|100%| O|  |TAMS 0x000000071c400000| PB 0x000000071c200000| Untracked 
| 226|0x000000071c400000, 0x000000071c600000, 0x000000071c600000|100%| O|  |TAMS 0x000000071c600000| PB 0x000000071c400000| Untracked 
| 227|0x000000071c600000, 0x000000071c800000, 0x000000071c800000|100%| O|  |TAMS 0x000000071c800000| PB 0x000000071c600000| Untracked 
| 228|0x000000071c800000, 0x000000071c800000, 0x000000071ca00000|  0%| F|  |TAMS 0x000000071c800000| PB 0x000000071c800000| Untracked 
| 229|0x000000071ca00000, 0x000000071ca00000, 0x000000071cc00000|  0%| F|  |TAMS 0x000000071ca00000| PB 0x000000071ca00000| Untracked 
| 230|0x000000071cc00000, 0x000000071cc00000, 0x000000071ce00000|  0%| F|  |TAMS 0x000000071cc00000| PB 0x000000071cc00000| Untracked 
| 231|0x000000071ce00000, 0x000000071ce00000, 0x000000071d000000|  0%| F|  |TAMS 0x000000071ce00000| PB 0x000000071ce00000| Untracked 
| 232|0x000000071d000000, 0x000000071d000000, 0x000000071d200000|  0%| F|  |TAMS 0x000000071d000000| PB 0x000000071d000000| Untracked 
| 233|0x000000071d200000, 0x000000071d200000, 0x000000071d400000|  0%| F|  |TAMS 0x000000071d200000| PB 0x000000071d200000| Untracked 
| 234|0x000000071d400000, 0x000000071d400000, 0x000000071d600000|  0%| F|  |TAMS 0x000000071d400000| PB 0x000000071d400000| Untracked 
| 235|0x000000071d600000, 0x000000071d600000, 0x000000071d800000|  0%| F|  |TAMS 0x000000071d600000| PB 0x000000071d600000| Untracked 
| 236|0x000000071d800000, 0x000000071d800000, 0x000000071da00000|  0%| F|  |TAMS 0x000000071d800000| PB 0x000000071d800000| Untracked 
| 237|0x000000071da00000, 0x000000071da00000, 0x000000071dc00000|  0%| F|  |TAMS 0x000000071da00000| PB 0x000000071da00000| Untracked 
| 238|0x000000071dc00000, 0x000000071dc00000, 0x000000071de00000|  0%| F|  |TAMS 0x000000071dc00000| PB 0x000000071dc00000| Untracked 
| 239|0x000000071de00000, 0x000000071de00000, 0x000000071e000000|  0%| F|  |TAMS 0x000000071de00000| PB 0x000000071de00000| Untracked 
| 240|0x000000071e000000, 0x000000071e000000, 0x000000071e200000|  0%| F|  |TAMS 0x000000071e000000| PB 0x000000071e000000| Untracked 
| 241|0x000000071e200000, 0x000000071e200000, 0x000000071e400000|  0%| F|  |TAMS 0x000000071e200000| PB 0x000000071e200000| Untracked 
| 242|0x000000071e400000, 0x000000071e400000, 0x000000071e600000|  0%| F|  |TAMS 0x000000071e400000| PB 0x000000071e400000| Untracked 
| 243|0x000000071e600000, 0x000000071e600000, 0x000000071e800000|  0%| F|  |TAMS 0x000000071e600000| PB 0x000000071e600000| Untracked 
| 244|0x000000071e800000, 0x000000071e800000, 0x000000071ea00000|  0%| F|  |TAMS 0x000000071e800000| PB 0x000000071e800000| Untracked 
| 245|0x000000071ea00000, 0x000000071ea00000, 0x000000071ec00000|  0%| F|  |TAMS 0x000000071ea00000| PB 0x000000071ea00000| Untracked 
| 246|0x000000071ec00000, 0x000000071ec00000, 0x000000071ee00000|  0%| F|  |TAMS 0x000000071ec00000| PB 0x000000071ec00000| Untracked 
| 247|0x000000071ee00000, 0x000000071ee00000, 0x000000071f000000|  0%| F|  |TAMS 0x000000071ee00000| PB 0x000000071ee00000| Untracked 
| 248|0x000000071f000000, 0x000000071f000000, 0x000000071f200000|  0%| F|  |TAMS 0x000000071f000000| PB 0x000000071f000000| Untracked 
| 249|0x000000071f200000, 0x000000071f200000, 0x000000071f400000|  0%| F|  |TAMS 0x000000071f200000| PB 0x000000071f200000| Untracked 
| 250|0x000000071f400000, 0x000000071f400000, 0x000000071f600000|  0%| F|  |TAMS 0x000000071f400000| PB 0x000000071f400000| Untracked 
| 251|0x000000071f600000, 0x000000071f600000, 0x000000071f800000|  0%| F|  |TAMS 0x000000071f600000| PB 0x000000071f600000| Untracked 
| 252|0x000000071f800000, 0x000000071f800000, 0x000000071fa00000|  0%| F|  |TAMS 0x000000071f800000| PB 0x000000071f800000| Untracked 
| 253|0x000000071fa00000, 0x000000071fa00000, 0x000000071fc00000|  0%| F|  |TAMS 0x000000071fa00000| PB 0x000000071fa00000| Untracked 
| 254|0x000000071fc00000, 0x000000071fc00000, 0x000000071fe00000|  0%| F|  |TAMS 0x000000071fc00000| PB 0x000000071fc00000| Untracked 
| 255|0x000000071fe00000, 0x000000071fe00000, 0x0000000720000000|  0%| F|  |TAMS 0x000000071fe00000| PB 0x000000071fe00000| Untracked 
| 256|0x0000000720000000, 0x0000000720000000, 0x0000000720200000|  0%| F|  |TAMS 0x0000000720000000| PB 0x0000000720000000| Untracked 
| 257|0x0000000720200000, 0x0000000720200000, 0x0000000720400000|  0%| F|  |TAMS 0x0000000720200000| PB 0x0000000720200000| Untracked 
| 258|0x0000000720400000, 0x0000000720400000, 0x0000000720600000|  0%| F|  |TAMS 0x0000000720400000| PB 0x0000000720400000| Untracked 
| 259|0x0000000720600000, 0x0000000720600000, 0x0000000720800000|  0%| F|  |TAMS 0x0000000720600000| PB 0x0000000720600000| Untracked 
| 260|0x0000000720800000, 0x0000000720800000, 0x0000000720a00000|  0%| F|  |TAMS 0x0000000720800000| PB 0x0000000720800000| Untracked 
| 261|0x0000000720a00000, 0x0000000720c00000, 0x0000000720c00000|100%| O|  |TAMS 0x0000000720c00000| PB 0x0000000720a00000| Untracked 
| 262|0x0000000720c00000, 0x0000000720e00000, 0x0000000720e00000|100%| O|  |TAMS 0x0000000720e00000| PB 0x0000000720c00000| Untracked 
| 263|0x0000000720e00000, 0x0000000721000000, 0x0000000721000000|100%| O|  |TAMS 0x0000000721000000| PB 0x0000000720e00000| Untracked 
| 264|0x0000000721000000, 0x0000000721200000, 0x0000000721200000|100%| O|  |TAMS 0x0000000721200000| PB 0x0000000721000000| Untracked 
| 265|0x0000000721200000, 0x0000000721400000, 0x0000000721400000|100%| O|  |TAMS 0x0000000721400000| PB 0x0000000721200000| Untracked 
| 266|0x0000000721400000, 0x0000000721400000, 0x0000000721600000|  0%| F|  |TAMS 0x0000000721400000| PB 0x0000000721400000| Untracked 
| 267|0x0000000721600000, 0x0000000721600000, 0x0000000721800000|  0%| F|  |TAMS 0x0000000721600000| PB 0x0000000721600000| Untracked 
| 268|0x0000000721800000, 0x0000000721800000, 0x0000000721a00000|  0%| F|  |TAMS 0x0000000721800000| PB 0x0000000721800000| Untracked 
| 269|0x0000000721a00000, 0x0000000721a00000, 0x0000000721c00000|  0%| F|  |TAMS 0x0000000721a00000| PB 0x0000000721a00000| Untracked 
| 270|0x0000000721c00000, 0x0000000721c00000, 0x0000000721e00000|  0%| F|  |TAMS 0x0000000721c00000| PB 0x0000000721c00000| Untracked 
| 271|0x0000000721e00000, 0x0000000721e00000, 0x0000000722000000|  0%| F|  |TAMS 0x0000000721e00000| PB 0x0000000721e00000| Untracked 
| 272|0x0000000722000000, 0x0000000722000000, 0x0000000722200000|  0%| F|  |TAMS 0x0000000722000000| PB 0x0000000722000000| Untracked 
| 273|0x0000000722200000, 0x0000000722200000, 0x0000000722400000|  0%| F|  |TAMS 0x0000000722200000| PB 0x0000000722200000| Untracked 
| 274|0x0000000722400000, 0x0000000722400000, 0x0000000722600000|  0%| F|  |TAMS 0x0000000722400000| PB 0x0000000722400000| Untracked 
| 275|0x0000000722600000, 0x0000000722600000, 0x0000000722800000|  0%| F|  |TAMS 0x0000000722600000| PB 0x0000000722600000| Untracked 
| 276|0x0000000722800000, 0x0000000722800000, 0x0000000722a00000|  0%| F|  |TAMS 0x0000000722800000| PB 0x0000000722800000| Untracked 
| 277|0x0000000722a00000, 0x0000000722c00000, 0x0000000722c00000|100%| O|  |TAMS 0x0000000722c00000| PB 0x0000000722a00000| Untracked 
| 278|0x0000000722c00000, 0x0000000722c00000, 0x0000000722e00000|  0%| F|  |TAMS 0x0000000722c00000| PB 0x0000000722c00000| Untracked 
| 279|0x0000000722e00000, 0x0000000722e00000, 0x0000000723000000|  0%| F|  |TAMS 0x0000000722e00000| PB 0x0000000722e00000| Untracked 
| 280|0x0000000723000000, 0x0000000723000000, 0x0000000723200000|  0%| F|  |TAMS 0x0000000723000000| PB 0x0000000723000000| Untracked 
| 281|0x0000000723200000, 0x0000000723200000, 0x0000000723400000|  0%| F|  |TAMS 0x0000000723200000| PB 0x0000000723200000| Untracked 
| 282|0x0000000723400000, 0x0000000723400000, 0x0000000723600000|  0%| F|  |TAMS 0x0000000723400000| PB 0x0000000723400000| Untracked 
| 283|0x0000000723600000, 0x0000000723600000, 0x0000000723800000|  0%| F|  |TAMS 0x0000000723600000| PB 0x0000000723600000| Untracked 
| 284|0x0000000723800000, 0x0000000723800000, 0x0000000723a00000|  0%| F|  |TAMS 0x0000000723800000| PB 0x0000000723800000| Untracked 
| 285|0x0000000723a00000, 0x0000000723a00000, 0x0000000723c00000|  0%| F|  |TAMS 0x0000000723a00000| PB 0x0000000723a00000| Untracked 
| 286|0x0000000723c00000, 0x0000000723c00000, 0x0000000723e00000|  0%| F|  |TAMS 0x0000000723c00000| PB 0x0000000723c00000| Untracked 
| 287|0x0000000723e00000, 0x0000000723e00000, 0x0000000724000000|  0%| F|  |TAMS 0x0000000723e00000| PB 0x0000000723e00000| Untracked 
| 288|0x0000000724000000, 0x0000000724000000, 0x0000000724200000|  0%| F|  |TAMS 0x0000000724000000| PB 0x0000000724000000| Untracked 
| 289|0x0000000724200000, 0x0000000724200000, 0x0000000724400000|  0%| F|  |TAMS 0x0000000724200000| PB 0x0000000724200000| Untracked 
| 290|0x0000000724400000, 0x0000000724400000, 0x0000000724600000|  0%| F|  |TAMS 0x0000000724400000| PB 0x0000000724400000| Untracked 
| 291|0x0000000724600000, 0x0000000724600000, 0x0000000724800000|  0%| F|  |TAMS 0x0000000724600000| PB 0x0000000724600000| Untracked 
| 292|0x0000000724800000, 0x0000000724800000, 0x0000000724a00000|  0%| F|  |TAMS 0x0000000724800000| PB 0x0000000724800000| Untracked 
| 293|0x0000000724a00000, 0x0000000724a00000, 0x0000000724c00000|  0%| F|  |TAMS 0x0000000724a00000| PB 0x0000000724a00000| Untracked 
| 294|0x0000000724c00000, 0x0000000724c00000, 0x0000000724e00000|  0%| F|  |TAMS 0x0000000724c00000| PB 0x0000000724c00000| Untracked 
| 295|0x0000000724e00000, 0x0000000724e00000, 0x0000000725000000|  0%| F|  |TAMS 0x0000000724e00000| PB 0x0000000724e00000| Untracked 
| 296|0x0000000725000000, 0x0000000725000000, 0x0000000725200000|  0%| F|  |TAMS 0x0000000725000000| PB 0x0000000725000000| Untracked 
| 297|0x0000000725200000, 0x0000000725200000, 0x0000000725400000|  0%| F|  |TAMS 0x0000000725200000| PB 0x0000000725200000| Untracked 
| 298|0x0000000725400000, 0x0000000725400000, 0x0000000725600000|  0%| F|  |TAMS 0x0000000725400000| PB 0x0000000725400000| Untracked 
| 299|0x0000000725600000, 0x0000000725600000, 0x0000000725800000|  0%| F|  |TAMS 0x0000000725600000| PB 0x0000000725600000| Untracked 
| 300|0x0000000725800000, 0x0000000725800000, 0x0000000725a00000|  0%| F|  |TAMS 0x0000000725800000| PB 0x0000000725800000| Untracked 
| 301|0x0000000725a00000, 0x0000000725a00000, 0x0000000725c00000|  0%| F|  |TAMS 0x0000000725a00000| PB 0x0000000725a00000| Untracked 
| 302|0x0000000725c00000, 0x0000000725c00000, 0x0000000725e00000|  0%| F|  |TAMS 0x0000000725c00000| PB 0x0000000725c00000| Untracked 
| 303|0x0000000725e00000, 0x0000000725e00000, 0x0000000726000000|  0%| F|  |TAMS 0x0000000725e00000| PB 0x0000000725e00000| Untracked 
| 304|0x0000000726000000, 0x0000000726000000, 0x0000000726200000|  0%| F|  |TAMS 0x0000000726000000| PB 0x0000000726000000| Untracked 
| 305|0x0000000726200000, 0x0000000726200000, 0x0000000726400000|  0%| F|  |TAMS 0x0000000726200000| PB 0x0000000726200000| Untracked 
| 306|0x0000000726400000, 0x0000000726400000, 0x0000000726600000|  0%| F|  |TAMS 0x0000000726400000| PB 0x0000000726400000| Untracked 
| 307|0x0000000726600000, 0x0000000726600000, 0x0000000726800000|  0%| F|  |TAMS 0x0000000726600000| PB 0x0000000726600000| Untracked 
| 308|0x0000000726800000, 0x0000000726800000, 0x0000000726a00000|  0%| F|  |TAMS 0x0000000726800000| PB 0x0000000726800000| Untracked 
| 309|0x0000000726a00000, 0x0000000726a00000, 0x0000000726c00000|  0%| F|  |TAMS 0x0000000726a00000| PB 0x0000000726a00000| Untracked 
| 310|0x0000000726c00000, 0x0000000726c00000, 0x0000000726e00000|  0%| F|  |TAMS 0x0000000726c00000| PB 0x0000000726c00000| Untracked 
| 311|0x0000000726e00000, 0x0000000726e00000, 0x0000000727000000|  0%| F|  |TAMS 0x0000000726e00000| PB 0x0000000726e00000| Untracked 
| 312|0x0000000727000000, 0x0000000727000000, 0x0000000727200000|  0%| F|  |TAMS 0x0000000727000000| PB 0x0000000727000000| Untracked 
| 313|0x0000000727200000, 0x0000000727200000, 0x0000000727400000|  0%| F|  |TAMS 0x0000000727200000| PB 0x0000000727200000| Untracked 
| 314|0x0000000727400000, 0x0000000727400000, 0x0000000727600000|  0%| F|  |TAMS 0x0000000727400000| PB 0x0000000727400000| Untracked 
| 315|0x0000000727600000, 0x0000000727600000, 0x0000000727800000|  0%| F|  |TAMS 0x0000000727600000| PB 0x0000000727600000| Untracked 
| 316|0x0000000727800000, 0x0000000727800000, 0x0000000727a00000|  0%| F|  |TAMS 0x0000000727800000| PB 0x0000000727800000| Untracked 
| 317|0x0000000727a00000, 0x0000000727a00000, 0x0000000727c00000|  0%| F|  |TAMS 0x0000000727a00000| PB 0x0000000727a00000| Untracked 
| 318|0x0000000727c00000, 0x0000000727c00000, 0x0000000727e00000|  0%| F|  |TAMS 0x0000000727c00000| PB 0x0000000727c00000| Untracked 
| 319|0x0000000727e00000, 0x0000000727e00000, 0x0000000728000000|  0%| F|  |TAMS 0x0000000727e00000| PB 0x0000000727e00000| Untracked 
| 320|0x0000000728000000, 0x0000000728000000, 0x0000000728200000|  0%| F|  |TAMS 0x0000000728000000| PB 0x0000000728000000| Untracked 
| 321|0x0000000728200000, 0x0000000728200000, 0x0000000728400000|  0%| F|  |TAMS 0x0000000728200000| PB 0x0000000728200000| Untracked 
| 322|0x0000000728400000, 0x0000000728400000, 0x0000000728600000|  0%| F|  |TAMS 0x0000000728400000| PB 0x0000000728400000| Untracked 
| 323|0x0000000728600000, 0x0000000728600000, 0x0000000728800000|  0%| F|  |TAMS 0x0000000728600000| PB 0x0000000728600000| Untracked 
| 324|0x0000000728800000, 0x0000000728800000, 0x0000000728a00000|  0%| F|  |TAMS 0x0000000728800000| PB 0x0000000728800000| Untracked 
| 325|0x0000000728a00000, 0x0000000728a00000, 0x0000000728c00000|  0%| F|  |TAMS 0x0000000728a00000| PB 0x0000000728a00000| Untracked 
| 326|0x0000000728c00000, 0x0000000728c00000, 0x0000000728e00000|  0%| F|  |TAMS 0x0000000728c00000| PB 0x0000000728c00000| Untracked 
| 327|0x0000000728e00000, 0x0000000728e00000, 0x0000000729000000|  0%| F|  |TAMS 0x0000000728e00000| PB 0x0000000728e00000| Untracked 
| 328|0x0000000729000000, 0x0000000729000000, 0x0000000729200000|  0%| F|  |TAMS 0x0000000729000000| PB 0x0000000729000000| Untracked 
| 329|0x0000000729200000, 0x0000000729200000, 0x0000000729400000|  0%| F|  |TAMS 0x0000000729200000| PB 0x0000000729200000| Untracked 
| 330|0x0000000729400000, 0x0000000729400000, 0x0000000729600000|  0%| F|  |TAMS 0x0000000729400000| PB 0x0000000729400000| Untracked 
| 331|0x0000000729600000, 0x0000000729600000, 0x0000000729800000|  0%| F|  |TAMS 0x0000000729600000| PB 0x0000000729600000| Untracked 
| 332|0x0000000729800000, 0x0000000729800000, 0x0000000729a00000|  0%| F|  |TAMS 0x0000000729800000| PB 0x0000000729800000| Untracked 
| 333|0x0000000729a00000, 0x0000000729a00000, 0x0000000729c00000|  0%| F|  |TAMS 0x0000000729a00000| PB 0x0000000729a00000| Untracked 
| 334|0x0000000729c00000, 0x0000000729c00000, 0x0000000729e00000|  0%| F|  |TAMS 0x0000000729c00000| PB 0x0000000729c00000| Untracked 
| 335|0x0000000729e00000, 0x0000000729e00000, 0x000000072a000000|  0%| F|  |TAMS 0x0000000729e00000| PB 0x0000000729e00000| Untracked 
| 336|0x000000072a000000, 0x000000072a000000, 0x000000072a200000|  0%| F|  |TAMS 0x000000072a000000| PB 0x000000072a000000| Untracked 
| 337|0x000000072a200000, 0x000000072a200000, 0x000000072a400000|  0%| F|  |TAMS 0x000000072a200000| PB 0x000000072a200000| Untracked 
| 338|0x000000072a400000, 0x000000072a400000, 0x000000072a600000|  0%| F|  |TAMS 0x000000072a400000| PB 0x000000072a400000| Untracked 
| 339|0x000000072a600000, 0x000000072a600000, 0x000000072a800000|  0%| F|  |TAMS 0x000000072a600000| PB 0x000000072a600000| Untracked 
| 340|0x000000072a800000, 0x000000072a800000, 0x000000072aa00000|  0%| F|  |TAMS 0x000000072a800000| PB 0x000000072a800000| Untracked 
| 341|0x000000072aa00000, 0x000000072aa00000, 0x000000072ac00000|  0%| F|  |TAMS 0x000000072aa00000| PB 0x000000072aa00000| Untracked 
| 342|0x000000072ac00000, 0x000000072ac00000, 0x000000072ae00000|  0%| F|  |TAMS 0x000000072ac00000| PB 0x000000072ac00000| Untracked 
| 343|0x000000072ae00000, 0x000000072ae00000, 0x000000072b000000|  0%| F|  |TAMS 0x000000072ae00000| PB 0x000000072ae00000| Untracked 
| 344|0x000000072b000000, 0x000000072b000000, 0x000000072b200000|  0%| F|  |TAMS 0x000000072b000000| PB 0x000000072b000000| Untracked 
| 345|0x000000072b200000, 0x000000072b200000, 0x000000072b400000|  0%| F|  |TAMS 0x000000072b200000| PB 0x000000072b200000| Untracked 
| 346|0x000000072b400000, 0x000000072b400000, 0x000000072b600000|  0%| F|  |TAMS 0x000000072b400000| PB 0x000000072b400000| Untracked 
| 347|0x000000072b600000, 0x000000072b600000, 0x000000072b800000|  0%| F|  |TAMS 0x000000072b600000| PB 0x000000072b600000| Untracked 
| 348|0x000000072b800000, 0x000000072b800000, 0x000000072ba00000|  0%| F|  |TAMS 0x000000072b800000| PB 0x000000072b800000| Untracked 
| 349|0x000000072ba00000, 0x000000072ba00000, 0x000000072bc00000|  0%| F|  |TAMS 0x000000072ba00000| PB 0x000000072ba00000| Untracked 
| 350|0x000000072bc00000, 0x000000072bc00000, 0x000000072be00000|  0%| F|  |TAMS 0x000000072bc00000| PB 0x000000072bc00000| Untracked 
| 351|0x000000072be00000, 0x000000072be00000, 0x000000072c000000|  0%| F|  |TAMS 0x000000072be00000| PB 0x000000072be00000| Untracked 
| 352|0x000000072c000000, 0x000000072c000000, 0x000000072c200000|  0%| F|  |TAMS 0x000000072c000000| PB 0x000000072c000000| Untracked 
| 353|0x000000072c200000, 0x000000072c200000, 0x000000072c400000|  0%| F|  |TAMS 0x000000072c200000| PB 0x000000072c200000| Untracked 
| 354|0x000000072c400000, 0x000000072c400000, 0x000000072c600000|  0%| F|  |TAMS 0x000000072c400000| PB 0x000000072c400000| Untracked 
| 355|0x000000072c600000, 0x000000072c600000, 0x000000072c800000|  0%| F|  |TAMS 0x000000072c600000| PB 0x000000072c600000| Untracked 
| 356|0x000000072c800000, 0x000000072c800000, 0x000000072ca00000|  0%| F|  |TAMS 0x000000072c800000| PB 0x000000072c800000| Untracked 
| 357|0x000000072ca00000, 0x000000072ca00000, 0x000000072cc00000|  0%| F|  |TAMS 0x000000072ca00000| PB 0x000000072ca00000| Untracked 
| 358|0x000000072cc00000, 0x000000072cc00000, 0x000000072ce00000|  0%| F|  |TAMS 0x000000072cc00000| PB 0x000000072cc00000| Untracked 
| 359|0x000000072ce00000, 0x000000072ce00000, 0x000000072d000000|  0%| F|  |TAMS 0x000000072ce00000| PB 0x000000072ce00000| Untracked 
| 360|0x000000072d000000, 0x000000072d000000, 0x000000072d200000|  0%| F|  |TAMS 0x000000072d000000| PB 0x000000072d000000| Untracked 
| 361|0x000000072d200000, 0x000000072d200000, 0x000000072d400000|  0%| F|  |TAMS 0x000000072d200000| PB 0x000000072d200000| Untracked 
| 362|0x000000072d400000, 0x000000072d400000, 0x000000072d600000|  0%| F|  |TAMS 0x000000072d400000| PB 0x000000072d400000| Untracked 
| 363|0x000000072d600000, 0x000000072d600000, 0x000000072d800000|  0%| F|  |TAMS 0x000000072d600000| PB 0x000000072d600000| Untracked 
| 364|0x000000072d800000, 0x000000072d800000, 0x000000072da00000|  0%| F|  |TAMS 0x000000072d800000| PB 0x000000072d800000| Untracked 
| 365|0x000000072da00000, 0x000000072da00000, 0x000000072dc00000|  0%| F|  |TAMS 0x000000072da00000| PB 0x000000072da00000| Untracked 
| 366|0x000000072dc00000, 0x000000072dc00000, 0x000000072de00000|  0%| F|  |TAMS 0x000000072dc00000| PB 0x000000072dc00000| Untracked 
| 367|0x000000072de00000, 0x000000072de00000, 0x000000072e000000|  0%| F|  |TAMS 0x000000072de00000| PB 0x000000072de00000| Untracked 
| 368|0x000000072e000000, 0x000000072e000000, 0x000000072e200000|  0%| F|  |TAMS 0x000000072e000000| PB 0x000000072e000000| Untracked 
| 369|0x000000072e200000, 0x000000072e200000, 0x000000072e400000|  0%| F|  |TAMS 0x000000072e200000| PB 0x000000072e200000| Untracked 
| 370|0x000000072e400000, 0x000000072e400000, 0x000000072e600000|  0%| F|  |TAMS 0x000000072e400000| PB 0x000000072e400000| Untracked 
| 371|0x000000072e600000, 0x000000072e600000, 0x000000072e800000|  0%| F|  |TAMS 0x000000072e600000| PB 0x000000072e600000| Untracked 
| 372|0x000000072e800000, 0x000000072e800000, 0x000000072ea00000|  0%| F|  |TAMS 0x000000072e800000| PB 0x000000072e800000| Untracked 
| 373|0x000000072ea00000, 0x000000072ea00000, 0x000000072ec00000|  0%| F|  |TAMS 0x000000072ea00000| PB 0x000000072ea00000| Untracked 
| 374|0x000000072ec00000, 0x000000072ec00000, 0x000000072ee00000|  0%| F|  |TAMS 0x000000072ec00000| PB 0x000000072ec00000| Untracked 
| 375|0x000000072ee00000, 0x000000072ee00000, 0x000000072f000000|  0%| F|  |TAMS 0x000000072ee00000| PB 0x000000072ee00000| Untracked 
| 376|0x000000072f000000, 0x000000072f000000, 0x000000072f200000|  0%| F|  |TAMS 0x000000072f000000| PB 0x000000072f000000| Untracked 
| 377|0x000000072f200000, 0x000000072f200000, 0x000000072f400000|  0%| F|  |TAMS 0x000000072f200000| PB 0x000000072f200000| Untracked 
| 378|0x000000072f400000, 0x000000072f400000, 0x000000072f600000|  0%| F|  |TAMS 0x000000072f400000| PB 0x000000072f400000| Untracked 
| 379|0x000000072f600000, 0x000000072f600000, 0x000000072f800000|  0%| F|  |TAMS 0x000000072f600000| PB 0x000000072f600000| Untracked 
| 380|0x000000072f800000, 0x000000072f800000, 0x000000072fa00000|  0%| F|  |TAMS 0x000000072f800000| PB 0x000000072f800000| Untracked 
| 381|0x000000072fa00000, 0x000000072fa00000, 0x000000072fc00000|  0%| F|  |TAMS 0x000000072fa00000| PB 0x000000072fa00000| Untracked 
| 382|0x000000072fc00000, 0x000000072fc00000, 0x000000072fe00000|  0%| F|  |TAMS 0x000000072fc00000| PB 0x000000072fc00000| Untracked 
| 383|0x000000072fe00000, 0x000000072fe00000, 0x0000000730000000|  0%| F|  |TAMS 0x000000072fe00000| PB 0x000000072fe00000| Untracked 
| 384|0x0000000730000000, 0x0000000730000000, 0x0000000730200000|  0%| F|  |TAMS 0x0000000730000000| PB 0x0000000730000000| Untracked 
| 385|0x0000000730200000, 0x0000000730200000, 0x0000000730400000|  0%| F|  |TAMS 0x0000000730200000| PB 0x0000000730200000| Untracked 
| 386|0x0000000730400000, 0x0000000730400000, 0x0000000730600000|  0%| F|  |TAMS 0x0000000730400000| PB 0x0000000730400000| Untracked 
| 387|0x0000000730600000, 0x0000000730600000, 0x0000000730800000|  0%| F|  |TAMS 0x0000000730600000| PB 0x0000000730600000| Untracked 
| 388|0x0000000730800000, 0x0000000730800000, 0x0000000730a00000|  0%| F|  |TAMS 0x0000000730800000| PB 0x0000000730800000| Untracked 
| 389|0x0000000730a00000, 0x0000000730a00000, 0x0000000730c00000|  0%| F|  |TAMS 0x0000000730a00000| PB 0x0000000730a00000| Untracked 
| 390|0x0000000730c00000, 0x0000000730c00000, 0x0000000730e00000|  0%| F|  |TAMS 0x0000000730c00000| PB 0x0000000730c00000| Untracked 
| 391|0x0000000730e00000, 0x0000000730e00000, 0x0000000731000000|  0%| F|  |TAMS 0x0000000730e00000| PB 0x0000000730e00000| Untracked 
| 392|0x0000000731000000, 0x0000000731000000, 0x0000000731200000|  0%| F|  |TAMS 0x0000000731000000| PB 0x0000000731000000| Untracked 
| 393|0x0000000731200000, 0x0000000731200000, 0x0000000731400000|  0%| F|  |TAMS 0x0000000731200000| PB 0x0000000731200000| Untracked 
| 394|0x0000000731400000, 0x0000000731400000, 0x0000000731600000|  0%| F|  |TAMS 0x0000000731400000| PB 0x0000000731400000| Untracked 
| 395|0x0000000731600000, 0x0000000731600000, 0x0000000731800000|  0%| F|  |TAMS 0x0000000731600000| PB 0x0000000731600000| Untracked 
| 396|0x0000000731800000, 0x0000000731800000, 0x0000000731a00000|  0%| F|  |TAMS 0x0000000731800000| PB 0x0000000731800000| Untracked 
| 397|0x0000000731a00000, 0x0000000731a00000, 0x0000000731c00000|  0%| F|  |TAMS 0x0000000731a00000| PB 0x0000000731a00000| Untracked 
| 398|0x0000000731c00000, 0x0000000731c00000, 0x0000000731e00000|  0%| F|  |TAMS 0x0000000731c00000| PB 0x0000000731c00000| Untracked 
| 399|0x0000000731e00000, 0x0000000731e00000, 0x0000000732000000|  0%| F|  |TAMS 0x0000000731e00000| PB 0x0000000731e00000| Untracked 
| 400|0x0000000732000000, 0x0000000732000000, 0x0000000732200000|  0%| F|  |TAMS 0x0000000732000000| PB 0x0000000732000000| Untracked 
| 401|0x0000000732200000, 0x0000000732200000, 0x0000000732400000|  0%| F|  |TAMS 0x0000000732200000| PB 0x0000000732200000| Untracked 
| 402|0x0000000732400000, 0x0000000732400000, 0x0000000732600000|  0%| F|  |TAMS 0x0000000732400000| PB 0x0000000732400000| Untracked 
| 403|0x0000000732600000, 0x0000000732600000, 0x0000000732800000|  0%| F|  |TAMS 0x0000000732600000| PB 0x0000000732600000| Untracked 
| 404|0x0000000732800000, 0x0000000732800000, 0x0000000732a00000|  0%| F|  |TAMS 0x0000000732800000| PB 0x0000000732800000| Untracked 
| 405|0x0000000732a00000, 0x0000000732a00000, 0x0000000732c00000|  0%| F|  |TAMS 0x0000000732a00000| PB 0x0000000732a00000| Untracked 
| 406|0x0000000732c00000, 0x0000000732c00000, 0x0000000732e00000|  0%| F|  |TAMS 0x0000000732c00000| PB 0x0000000732c00000| Untracked 
| 407|0x0000000732e00000, 0x0000000732e00000, 0x0000000733000000|  0%| F|  |TAMS 0x0000000732e00000| PB 0x0000000732e00000| Untracked 
| 408|0x0000000733000000, 0x0000000733000000, 0x0000000733200000|  0%| F|  |TAMS 0x0000000733000000| PB 0x0000000733000000| Untracked 
| 409|0x0000000733200000, 0x0000000733200000, 0x0000000733400000|  0%| F|  |TAMS 0x0000000733200000| PB 0x0000000733200000| Untracked 
| 410|0x0000000733400000, 0x0000000733400000, 0x0000000733600000|  0%| F|  |TAMS 0x0000000733400000| PB 0x0000000733400000| Untracked 
| 411|0x0000000733600000, 0x0000000733600000, 0x0000000733800000|  0%| F|  |TAMS 0x0000000733600000| PB 0x0000000733600000| Untracked 
| 412|0x0000000733800000, 0x0000000733800000, 0x0000000733a00000|  0%| F|  |TAMS 0x0000000733800000| PB 0x0000000733800000| Untracked 
| 413|0x0000000733a00000, 0x0000000733a00000, 0x0000000733c00000|  0%| F|  |TAMS 0x0000000733a00000| PB 0x0000000733a00000| Untracked 
| 414|0x0000000733c00000, 0x0000000733c00000, 0x0000000733e00000|  0%| F|  |TAMS 0x0000000733c00000| PB 0x0000000733c00000| Untracked 
| 415|0x0000000733e00000, 0x0000000733e00000, 0x0000000734000000|  0%| F|  |TAMS 0x0000000733e00000| PB 0x0000000733e00000| Untracked 
| 416|0x0000000734000000, 0x0000000734000000, 0x0000000734200000|  0%| F|  |TAMS 0x0000000734000000| PB 0x0000000734000000| Untracked 
| 417|0x0000000734200000, 0x0000000734200000, 0x0000000734400000|  0%| F|  |TAMS 0x0000000734200000| PB 0x0000000734200000| Untracked 
| 418|0x0000000734400000, 0x0000000734400000, 0x0000000734600000|  0%| F|  |TAMS 0x0000000734400000| PB 0x0000000734400000| Untracked 
| 419|0x0000000734600000, 0x0000000734600000, 0x0000000734800000|  0%| F|  |TAMS 0x0000000734600000| PB 0x0000000734600000| Untracked 
| 420|0x0000000734800000, 0x0000000734800000, 0x0000000734a00000|  0%| F|  |TAMS 0x0000000734800000| PB 0x0000000734800000| Untracked 
| 421|0x0000000734a00000, 0x0000000734a00000, 0x0000000734c00000|  0%| F|  |TAMS 0x0000000734a00000| PB 0x0000000734a00000| Untracked 
| 422|0x0000000734c00000, 0x0000000734c00000, 0x0000000734e00000|  0%| F|  |TAMS 0x0000000734c00000| PB 0x0000000734c00000| Untracked 
| 423|0x0000000734e00000, 0x0000000734e00000, 0x0000000735000000|  0%| F|  |TAMS 0x0000000734e00000| PB 0x0000000734e00000| Untracked 
| 424|0x0000000735000000, 0x0000000735000000, 0x0000000735200000|  0%| F|  |TAMS 0x0000000735000000| PB 0x0000000735000000| Untracked 
| 425|0x0000000735200000, 0x0000000735200000, 0x0000000735400000|  0%| F|  |TAMS 0x0000000735200000| PB 0x0000000735200000| Untracked 
| 426|0x0000000735400000, 0x0000000735400000, 0x0000000735600000|  0%| F|  |TAMS 0x0000000735400000| PB 0x0000000735400000| Untracked 
| 427|0x0000000735600000, 0x0000000735600000, 0x0000000735800000|  0%| F|  |TAMS 0x0000000735600000| PB 0x0000000735600000| Untracked 
| 428|0x0000000735800000, 0x0000000735800000, 0x0000000735a00000|  0%| F|  |TAMS 0x0000000735800000| PB 0x0000000735800000| Untracked 
| 429|0x0000000735a00000, 0x0000000735b2f200, 0x0000000735c00000| 59%| S|CS|TAMS 0x0000000735a00000| PB 0x0000000735a00000| Complete 
| 430|0x0000000735c00000, 0x0000000735e00000, 0x0000000735e00000|100%| S|CS|TAMS 0x0000000735c00000| PB 0x0000000735c00000| Complete 
| 431|0x0000000735e00000, 0x0000000736000000, 0x0000000736000000|100%| S|CS|TAMS 0x0000000735e00000| PB 0x0000000735e00000| Complete 
| 432|0x0000000736000000, 0x0000000736000000, 0x0000000736200000|  0%| F|  |TAMS 0x0000000736000000| PB 0x0000000736000000| Untracked 
| 433|0x0000000736200000, 0x0000000736200000, 0x0000000736400000|  0%| F|  |TAMS 0x0000000736200000| PB 0x0000000736200000| Untracked 
| 434|0x0000000736400000, 0x0000000736400000, 0x0000000736600000|  0%| F|  |TAMS 0x0000000736400000| PB 0x0000000736400000| Untracked 
| 435|0x0000000736600000, 0x0000000736600000, 0x0000000736800000|  0%| F|  |TAMS 0x0000000736600000| PB 0x0000000736600000| Untracked 
| 436|0x0000000736800000, 0x0000000736800000, 0x0000000736a00000|  0%| F|  |TAMS 0x0000000736800000| PB 0x0000000736800000| Untracked 
| 437|0x0000000736a00000, 0x0000000736a00000, 0x0000000736c00000|  0%| F|  |TAMS 0x0000000736a00000| PB 0x0000000736a00000| Untracked 
| 438|0x0000000736c00000, 0x0000000736c00000, 0x0000000736e00000|  0%| F|  |TAMS 0x0000000736c00000| PB 0x0000000736c00000| Untracked 
| 439|0x0000000736e00000, 0x0000000736e00000, 0x0000000737000000|  0%| F|  |TAMS 0x0000000736e00000| PB 0x0000000736e00000| Untracked 
| 440|0x0000000737000000, 0x0000000737000000, 0x0000000737200000|  0%| F|  |TAMS 0x0000000737000000| PB 0x0000000737000000| Untracked 
| 441|0x0000000737200000, 0x0000000737200000, 0x0000000737400000|  0%| F|  |TAMS 0x0000000737200000| PB 0x0000000737200000| Untracked 
| 442|0x0000000737400000, 0x0000000737400000, 0x0000000737600000|  0%| F|  |TAMS 0x0000000737400000| PB 0x0000000737400000| Untracked 
| 443|0x0000000737600000, 0x0000000737600000, 0x0000000737800000|  0%| F|  |TAMS 0x0000000737600000| PB 0x0000000737600000| Untracked 
| 444|0x0000000737800000, 0x0000000737800000, 0x0000000737a00000|  0%| F|  |TAMS 0x0000000737800000| PB 0x0000000737800000| Untracked 
| 445|0x0000000737a00000, 0x0000000737a00000, 0x0000000737c00000|  0%| F|  |TAMS 0x0000000737a00000| PB 0x0000000737a00000| Untracked 
| 446|0x0000000737c00000, 0x0000000737c00000, 0x0000000737e00000|  0%| F|  |TAMS 0x0000000737c00000| PB 0x0000000737c00000| Untracked 
| 447|0x0000000737e00000, 0x0000000737e00000, 0x0000000738000000|  0%| F|  |TAMS 0x0000000737e00000| PB 0x0000000737e00000| Untracked 
| 448|0x0000000738000000, 0x0000000738000000, 0x0000000738200000|  0%| F|  |TAMS 0x0000000738000000| PB 0x0000000738000000| Untracked 
| 449|0x0000000738200000, 0x0000000738200000, 0x0000000738400000|  0%| F|  |TAMS 0x0000000738200000| PB 0x0000000738200000| Untracked 
| 450|0x0000000738400000, 0x0000000738400000, 0x0000000738600000|  0%| F|  |TAMS 0x0000000738400000| PB 0x0000000738400000| Untracked 
| 451|0x0000000738600000, 0x0000000738600000, 0x0000000738800000|  0%| F|  |TAMS 0x0000000738600000| PB 0x0000000738600000| Untracked 
| 452|0x0000000738800000, 0x0000000738800000, 0x0000000738a00000|  0%| F|  |TAMS 0x0000000738800000| PB 0x0000000738800000| Untracked 
| 453|0x0000000738a00000, 0x0000000738a00000, 0x0000000738c00000|  0%| F|  |TAMS 0x0000000738a00000| PB 0x0000000738a00000| Untracked 
| 454|0x0000000738c00000, 0x0000000738c00000, 0x0000000738e00000|  0%| F|  |TAMS 0x0000000738c00000| PB 0x0000000738c00000| Untracked 
| 455|0x0000000738e00000, 0x0000000738e00000, 0x0000000739000000|  0%| F|  |TAMS 0x0000000738e00000| PB 0x0000000738e00000| Untracked 
| 456|0x0000000739000000, 0x0000000739000000, 0x0000000739200000|  0%| F|  |TAMS 0x0000000739000000| PB 0x0000000739000000| Untracked 
| 457|0x0000000739200000, 0x0000000739200000, 0x0000000739400000|  0%| F|  |TAMS 0x0000000739200000| PB 0x0000000739200000| Untracked 
| 458|0x0000000739400000, 0x0000000739400000, 0x0000000739600000|  0%| F|  |TAMS 0x0000000739400000| PB 0x0000000739400000| Untracked 
| 459|0x0000000739600000, 0x0000000739600000, 0x0000000739800000|  0%| F|  |TAMS 0x0000000739600000| PB 0x0000000739600000| Untracked 
| 460|0x0000000739800000, 0x0000000739800000, 0x0000000739a00000|  0%| F|  |TAMS 0x0000000739800000| PB 0x0000000739800000| Untracked 
| 461|0x0000000739a00000, 0x0000000739a00000, 0x0000000739c00000|  0%| F|  |TAMS 0x0000000739a00000| PB 0x0000000739a00000| Untracked 
| 462|0x0000000739c00000, 0x0000000739c00000, 0x0000000739e00000|  0%| F|  |TAMS 0x0000000739c00000| PB 0x0000000739c00000| Untracked 
| 463|0x0000000739e00000, 0x0000000739e00000, 0x000000073a000000|  0%| F|  |TAMS 0x0000000739e00000| PB 0x0000000739e00000| Untracked 
| 464|0x000000073a000000, 0x000000073a000000, 0x000000073a200000|  0%| F|  |TAMS 0x000000073a000000| PB 0x000000073a000000| Untracked 
| 465|0x000000073a200000, 0x000000073a200000, 0x000000073a400000|  0%| F|  |TAMS 0x000000073a200000| PB 0x000000073a200000| Untracked 
| 466|0x000000073a400000, 0x000000073a400000, 0x000000073a600000|  0%| F|  |TAMS 0x000000073a400000| PB 0x000000073a400000| Untracked 
| 467|0x000000073a600000, 0x000000073a600000, 0x000000073a800000|  0%| F|  |TAMS 0x000000073a600000| PB 0x000000073a600000| Untracked 
| 468|0x000000073a800000, 0x000000073a800000, 0x000000073aa00000|  0%| F|  |TAMS 0x000000073a800000| PB 0x000000073a800000| Untracked 
| 469|0x000000073aa00000, 0x000000073aa00000, 0x000000073ac00000|  0%| F|  |TAMS 0x000000073aa00000| PB 0x000000073aa00000| Untracked 
| 470|0x000000073ac00000, 0x000000073ac00000, 0x000000073ae00000|  0%| F|  |TAMS 0x000000073ac00000| PB 0x000000073ac00000| Untracked 
| 471|0x000000073ae00000, 0x000000073ae00000, 0x000000073b000000|  0%| F|  |TAMS 0x000000073ae00000| PB 0x000000073ae00000| Untracked 
| 472|0x000000073b000000, 0x000000073b000000, 0x000000073b200000|  0%| F|  |TAMS 0x000000073b000000| PB 0x000000073b000000| Untracked 
| 473|0x000000073b200000, 0x000000073b200000, 0x000000073b400000|  0%| F|  |TAMS 0x000000073b200000| PB 0x000000073b200000| Untracked 
| 474|0x000000073b400000, 0x000000073b400000, 0x000000073b600000|  0%| F|  |TAMS 0x000000073b400000| PB 0x000000073b400000| Untracked 
| 475|0x000000073b600000, 0x000000073b600000, 0x000000073b800000|  0%| F|  |TAMS 0x000000073b600000| PB 0x000000073b600000| Untracked 
| 476|0x000000073b800000, 0x000000073b800000, 0x000000073ba00000|  0%| F|  |TAMS 0x000000073b800000| PB 0x000000073b800000| Untracked 
| 477|0x000000073ba00000, 0x000000073ba00000, 0x000000073bc00000|  0%| F|  |TAMS 0x000000073ba00000| PB 0x000000073ba00000| Untracked 
| 478|0x000000073bc00000, 0x000000073bc00000, 0x000000073be00000|  0%| F|  |TAMS 0x000000073bc00000| PB 0x000000073bc00000| Untracked 
| 479|0x000000073be00000, 0x000000073be00000, 0x000000073c000000|  0%| F|  |TAMS 0x000000073be00000| PB 0x000000073be00000| Untracked 
| 480|0x000000073c000000, 0x000000073c000000, 0x000000073c200000|  0%| F|  |TAMS 0x000000073c000000| PB 0x000000073c000000| Untracked 
| 481|0x000000073c200000, 0x000000073c200000, 0x000000073c400000|  0%| F|  |TAMS 0x000000073c200000| PB 0x000000073c200000| Untracked 
| 482|0x000000073c400000, 0x000000073c400000, 0x000000073c600000|  0%| F|  |TAMS 0x000000073c400000| PB 0x000000073c400000| Untracked 
| 483|0x000000073c600000, 0x000000073c600000, 0x000000073c800000|  0%| F|  |TAMS 0x000000073c600000| PB 0x000000073c600000| Untracked 
| 484|0x000000073c800000, 0x000000073c800000, 0x000000073ca00000|  0%| F|  |TAMS 0x000000073c800000| PB 0x000000073c800000| Untracked 
| 485|0x000000073ca00000, 0x000000073ca00000, 0x000000073cc00000|  0%| F|  |TAMS 0x000000073ca00000| PB 0x000000073ca00000| Untracked 
| 486|0x000000073cc00000, 0x000000073cc00000, 0x000000073ce00000|  0%| F|  |TAMS 0x000000073cc00000| PB 0x000000073cc00000| Untracked 
| 487|0x000000073ce00000, 0x000000073ce00000, 0x000000073d000000|  0%| F|  |TAMS 0x000000073ce00000| PB 0x000000073ce00000| Untracked 
| 488|0x000000073d000000, 0x000000073d000000, 0x000000073d200000|  0%| F|  |TAMS 0x000000073d000000| PB 0x000000073d000000| Untracked 
| 489|0x000000073d200000, 0x000000073d200000, 0x000000073d400000|  0%| F|  |TAMS 0x000000073d200000| PB 0x000000073d200000| Untracked 
| 490|0x000000073d400000, 0x000000073d400000, 0x000000073d600000|  0%| F|  |TAMS 0x000000073d400000| PB 0x000000073d400000| Untracked 
| 491|0x000000073d600000, 0x000000073d600000, 0x000000073d800000|  0%| F|  |TAMS 0x000000073d600000| PB 0x000000073d600000| Untracked 
| 492|0x000000073d800000, 0x000000073d800000, 0x000000073da00000|  0%| F|  |TAMS 0x000000073d800000| PB 0x000000073d800000| Untracked 
| 493|0x000000073da00000, 0x000000073da00000, 0x000000073dc00000|  0%| F|  |TAMS 0x000000073da00000| PB 0x000000073da00000| Untracked 
| 494|0x000000073dc00000, 0x000000073dc00000, 0x000000073de00000|  0%| F|  |TAMS 0x000000073dc00000| PB 0x000000073dc00000| Untracked 
|1980|0x00000007f7800000, 0x00000007f7800000, 0x00000007f7a00000|  0%| F|  |TAMS 0x00000007f7800000| PB 0x00000007f7800000| Untracked 
|1981|0x00000007f7a00000, 0x00000007f7a00000, 0x00000007f7c00000|  0%| F|  |TAMS 0x00000007f7a00000| PB 0x00000007f7a00000| Untracked 
|1982|0x00000007f7c00000, 0x00000007f7c00000, 0x00000007f7e00000|  0%| F|  |TAMS 0x00000007f7c00000| PB 0x00000007f7c00000| Untracked 
|1983|0x00000007f7e00000, 0x00000007f7e00000, 0x00000007f8000000|  0%| F|  |TAMS 0x00000007f7e00000| PB 0x00000007f7e00000| Untracked 
|1984|0x00000007f8000000, 0x00000007f8000000, 0x00000007f8200000|  0%| F|  |TAMS 0x00000007f8000000| PB 0x00000007f8000000| Untracked 
|1985|0x00000007f8200000, 0x00000007f8200000, 0x00000007f8400000|  0%| F|  |TAMS 0x00000007f8200000| PB 0x00000007f8200000| Untracked 
|1986|0x00000007f8400000, 0x00000007f8400000, 0x00000007f8600000|  0%| F|  |TAMS 0x00000007f8400000| PB 0x00000007f8400000| Untracked 
|1987|0x00000007f8600000, 0x00000007f8600000, 0x00000007f8800000|  0%| F|  |TAMS 0x00000007f8600000| PB 0x00000007f8600000| Untracked 
|1988|0x00000007f8800000, 0x00000007f8800000, 0x00000007f8a00000|  0%| F|  |TAMS 0x00000007f8800000| PB 0x00000007f8800000| Untracked 
|1989|0x00000007f8a00000, 0x00000007f8a00000, 0x00000007f8c00000|  0%| F|  |TAMS 0x00000007f8a00000| PB 0x00000007f8a00000| Untracked 
|1990|0x00000007f8c00000, 0x00000007f8c00000, 0x00000007f8e00000|  0%| F|  |TAMS 0x00000007f8c00000| PB 0x00000007f8c00000| Untracked 
|1991|0x00000007f8e00000, 0x00000007f8e00000, 0x00000007f9000000|  0%| F|  |TAMS 0x00000007f8e00000| PB 0x00000007f8e00000| Untracked 
|1992|0x00000007f9000000, 0x00000007f9000000, 0x00000007f9200000|  0%| F|  |TAMS 0x00000007f9000000| PB 0x00000007f9000000| Untracked 
|1993|0x00000007f9200000, 0x00000007f9200000, 0x00000007f9400000|  0%| F|  |TAMS 0x00000007f9200000| PB 0x00000007f9200000| Untracked 
|1994|0x00000007f9400000, 0x00000007f9400000, 0x00000007f9600000|  0%| F|  |TAMS 0x00000007f9400000| PB 0x00000007f9400000| Untracked 
|1995|0x00000007f9600000, 0x00000007f9600000, 0x00000007f9800000|  0%| F|  |TAMS 0x00000007f9600000| PB 0x00000007f9600000| Untracked 
|1996|0x00000007f9800000, 0x00000007f9800000, 0x00000007f9a00000|  0%| F|  |TAMS 0x00000007f9800000| PB 0x00000007f9800000| Untracked 
|1997|0x00000007f9a00000, 0x00000007f9a00000, 0x00000007f9c00000|  0%| F|  |TAMS 0x00000007f9a00000| PB 0x00000007f9a00000| Untracked 
|1998|0x00000007f9c00000, 0x00000007f9c00000, 0x00000007f9e00000|  0%| F|  |TAMS 0x00000007f9c00000| PB 0x00000007f9c00000| Untracked 
|1999|0x00000007f9e00000, 0x00000007f9e00000, 0x00000007fa000000|  0%| F|  |TAMS 0x00000007f9e00000| PB 0x00000007f9e00000| Untracked 
|2000|0x00000007fa000000, 0x00000007fa000000, 0x00000007fa200000|  0%| F|  |TAMS 0x00000007fa000000| PB 0x00000007fa000000| Untracked 
|2001|0x00000007fa200000, 0x00000007fa200000, 0x00000007fa400000|  0%| F|  |TAMS 0x00000007fa200000| PB 0x00000007fa200000| Untracked 
|2002|0x00000007fa400000, 0x00000007fa400000, 0x00000007fa600000|  0%| F|  |TAMS 0x00000007fa400000| PB 0x00000007fa400000| Untracked 
|2003|0x00000007fa600000, 0x00000007fa600000, 0x00000007fa800000|  0%| F|  |TAMS 0x00000007fa600000| PB 0x00000007fa600000| Untracked 
|2004|0x00000007fa800000, 0x00000007fa800000, 0x00000007faa00000|  0%| F|  |TAMS 0x00000007fa800000| PB 0x00000007fa800000| Untracked 
|2005|0x00000007faa00000, 0x00000007faa00000, 0x00000007fac00000|  0%| F|  |TAMS 0x00000007faa00000| PB 0x00000007faa00000| Untracked 
|2006|0x00000007fac00000, 0x00000007fac00000, 0x00000007fae00000|  0%| F|  |TAMS 0x00000007fac00000| PB 0x00000007fac00000| Untracked 
|2007|0x00000007fae00000, 0x00000007fae00000, 0x00000007fb000000|  0%| F|  |TAMS 0x00000007fae00000| PB 0x00000007fae00000| Untracked 
|2008|0x00000007fb000000, 0x00000007fb000000, 0x00000007fb200000|  0%| F|  |TAMS 0x00000007fb000000| PB 0x00000007fb000000| Untracked 
|2009|0x00000007fb200000, 0x00000007fb200000, 0x00000007fb400000|  0%| F|  |TAMS 0x00000007fb200000| PB 0x00000007fb200000| Untracked 
|2010|0x00000007fb400000, 0x00000007fb400000, 0x00000007fb600000|  0%| F|  |TAMS 0x00000007fb400000| PB 0x00000007fb400000| Untracked 
|2011|0x00000007fb600000, 0x00000007fb600000, 0x00000007fb800000|  0%| F|  |TAMS 0x00000007fb600000| PB 0x00000007fb600000| Untracked 
|2012|0x00000007fb800000, 0x00000007fba00000, 0x00000007fba00000|100%| O|  |TAMS 0x00000007fba00000| PB 0x00000007fb800000| Untracked 
|2013|0x00000007fba00000, 0x00000007fba00000, 0x00000007fbc00000|  0%| F|  |TAMS 0x00000007fba00000| PB 0x00000007fba00000| Untracked 
|2014|0x00000007fbc00000, 0x00000007fbc00000, 0x00000007fbe00000|  0%| F|  |TAMS 0x00000007fbc00000| PB 0x00000007fbc00000| Untracked 
|2015|0x00000007fbe00000, 0x00000007fbe00000, 0x00000007fc000000|  0%| F|  |TAMS 0x00000007fbe00000| PB 0x00000007fbe00000| Untracked 
|2016|0x00000007fc000000, 0x00000007fc000000, 0x00000007fc200000|  0%| F|  |TAMS 0x00000007fc000000| PB 0x00000007fc000000| Untracked 
|2017|0x00000007fc200000, 0x00000007fc200000, 0x00000007fc400000|  0%| F|  |TAMS 0x00000007fc200000| PB 0x00000007fc200000| Untracked 
|2018|0x00000007fc400000, 0x00000007fc400000, 0x00000007fc600000|  0%| F|  |TAMS 0x00000007fc400000| PB 0x00000007fc400000| Untracked 
|2019|0x00000007fc600000, 0x00000007fc600000, 0x00000007fc800000|  0%| F|  |TAMS 0x00000007fc600000| PB 0x00000007fc600000| Untracked 
|2020|0x00000007fc800000, 0x00000007fc800000, 0x00000007fca00000|  0%| F|  |TAMS 0x00000007fc800000| PB 0x00000007fc800000| Untracked 
|2021|0x00000007fca00000, 0x00000007fca00000, 0x00000007fcc00000|  0%| F|  |TAMS 0x00000007fca00000| PB 0x00000007fca00000| Untracked 
|2022|0x00000007fcc00000, 0x00000007fcc00000, 0x00000007fce00000|  0%| F|  |TAMS 0x00000007fcc00000| PB 0x00000007fcc00000| Untracked 
|2023|0x00000007fce00000, 0x00000007fce00000, 0x00000007fd000000|  0%| F|  |TAMS 0x00000007fce00000| PB 0x00000007fce00000| Untracked 
|2024|0x00000007fd000000, 0x00000007fd000000, 0x00000007fd200000|  0%| F|  |TAMS 0x00000007fd000000| PB 0x00000007fd000000| Untracked 
|2025|0x00000007fd200000, 0x00000007fd200000, 0x00000007fd400000|  0%| F|  |TAMS 0x00000007fd200000| PB 0x00000007fd200000| Untracked 
|2026|0x00000007fd400000, 0x00000007fd400000, 0x00000007fd600000|  0%| F|  |TAMS 0x00000007fd400000| PB 0x00000007fd400000| Untracked 
|2027|0x00000007fd600000, 0x00000007fd600000, 0x00000007fd800000|  0%| F|  |TAMS 0x00000007fd600000| PB 0x00000007fd600000| Untracked 
|2028|0x00000007fd800000, 0x00000007fd800000, 0x00000007fda00000|  0%| F|  |TAMS 0x00000007fd800000| PB 0x00000007fd800000| Untracked 
|2029|0x00000007fda00000, 0x00000007fda00000, 0x00000007fdc00000|  0%| F|  |TAMS 0x00000007fda00000| PB 0x00000007fda00000| Untracked 
|2030|0x00000007fdc00000, 0x00000007fdc00000, 0x00000007fde00000|  0%| F|  |TAMS 0x00000007fdc00000| PB 0x00000007fdc00000| Untracked 
|2031|0x00000007fde00000, 0x00000007fde00000, 0x00000007fe000000|  0%| F|  |TAMS 0x00000007fde00000| PB 0x00000007fde00000| Untracked 
|2032|0x00000007fe000000, 0x00000007fe000000, 0x00000007fe200000|  0%| F|  |TAMS 0x00000007fe000000| PB 0x00000007fe000000| Untracked 
|2033|0x00000007fe200000, 0x00000007fe200000, 0x00000007fe400000|  0%| F|  |TAMS 0x00000007fe200000| PB 0x00000007fe200000| Untracked 
|2034|0x00000007fe400000, 0x00000007fe400000, 0x00000007fe600000|  0%| F|  |TAMS 0x00000007fe400000| PB 0x00000007fe400000| Untracked 
|2035|0x00000007fe600000, 0x00000007fe600000, 0x00000007fe800000|  0%| F|  |TAMS 0x00000007fe600000| PB 0x00000007fe600000| Untracked 
|2036|0x00000007fe800000, 0x00000007fe800000, 0x00000007fea00000|  0%| F|  |TAMS 0x00000007fe800000| PB 0x00000007fe800000| Untracked 
|2037|0x00000007fea00000, 0x00000007fea00000, 0x00000007fec00000|  0%| F|  |TAMS 0x00000007fea00000| PB 0x00000007fea00000| Untracked 
|2038|0x00000007fec00000, 0x00000007fee00000, 0x00000007fee00000|100%| O|  |TAMS 0x00000007fee00000| PB 0x00000007fec00000| Untracked 
|2039|0x00000007fee00000, 0x00000007ff000000, 0x00000007ff000000|100%| O|  |TAMS 0x00000007ff000000| PB 0x00000007fee00000| Untracked 
|2040|0x00000007ff000000, 0x00000007ff200000, 0x00000007ff200000|100%| O|  |TAMS 0x00000007ff200000| PB 0x00000007ff000000| Untracked 
|2041|0x00000007ff200000, 0x00000007ff400000, 0x00000007ff400000|100%| O|  |TAMS 0x00000007ff400000| PB 0x00000007ff200000| Untracked 
|2042|0x00000007ff400000, 0x00000007ff600000, 0x00000007ff600000|100%| O|  |TAMS 0x00000007ff600000| PB 0x00000007ff400000| Untracked 
|2043|0x00000007ff600000, 0x00000007ff600000, 0x00000007ff800000|  0%| F|  |TAMS 0x00000007ff600000| PB 0x00000007ff600000| Untracked 
|2044|0x00000007ff800000, 0x00000007ffa00000, 0x00000007ffa00000|100%| O|  |TAMS 0x00000007ffa00000| PB 0x00000007ff800000| Untracked 
|2045|0x00000007ffa00000, 0x00000007ffc00000, 0x00000007ffc00000|100%| O|  |TAMS 0x00000007ffc00000| PB 0x00000007ffa00000| Untracked 
|2046|0x00000007ffc00000, 0x00000007ffe00000, 0x00000007ffe00000|100%| O|  |TAMS 0x00000007ffe00000| PB 0x00000007ffc00000| Untracked 
|2047|0x00000007ffe00000, 0x0000000800000000, 0x0000000800000000|100%| O|  |TAMS 0x0000000800000000| PB 0x00000007ffe00000| Untracked 

Card table byte_map: [0x000002a165bd0000,0x000002a1663d0000] _byte_map_base: 0x000002a1623d0000

Marking Bits: (CMBitMap*) 0x000002a152faa690
 Bits: [0x000002a1663d0000, 0x000002a16a3d0000)

Polling page: 0x000002a150d80000

Metaspace:

Usage:
  Non-class:    295.40 MB used.
      Class:     43.21 MB used.
       Both:    338.62 MB used.

Virtual space:
  Non-class space:      320.00 MB reserved,     298.69 MB ( 93%) committed,  5 nodes.
      Class space:        1.00 GB reserved,      45.75 MB (  4%) committed,  1 nodes.
             Both:        1.31 GB reserved,     344.44 MB ( 26%) committed. 

Chunk freelists:
   Non-Class:  22.66 MB
       Class:  2.81 MB
        Both:  25.47 MB

MaxMetaspaceSize: unlimited
CompressedClassSpaceSize: 1.00 GB
Initial GC threshold: 21.00 MB
Current GC threshold: 574.06 MB
CDS: off
 - commit_granule_bytes: 65536.
 - commit_granule_words: 8192.
 - virtual_space_node_default_size: 8388608.
 - enlarge_chunks_in_place: 1.
 - use_allocation_guard: 0.


Internal statistics:

num_allocs_failed_limit: 9.
num_arena_births: 7882.
num_arena_deaths: 34.
num_vsnodes_births: 6.
num_vsnodes_deaths: 0.
num_space_committed: 5604.
num_space_uncommitted: 51.
num_chunks_returned_to_freelist: 403.
num_chunks_taken_from_freelist: 22974.
num_chunk_merges: 107.
num_chunk_splits: 15946.
num_chunks_enlarged: 11204.
num_inconsistent_stats: 0.

CodeHeap 'non-profiled nmethods': size=120000Kb used=26134Kb max_used=28407Kb free=93865Kb
 bounds [0x000002a15db70000, 0x000002a15f730000, 0x000002a1650a0000]
CodeHeap 'profiled nmethods': size=120000Kb used=67284Kb max_used=70185Kb free=52716Kb
 bounds [0x000002a1560a0000, 0x000002a15a5a0000, 0x000002a15d5d0000]
CodeHeap 'non-nmethods': size=5760Kb used=2664Kb max_used=2737Kb free=3096Kb
 bounds [0x000002a15d5d0000, 0x000002a15d880000, 0x000002a15db70000]
CodeCache: size=245760Kb, used=96082Kb, max_used=101329Kb, free=149677Kb
 total_blobs=30373, nmethods=28927, adapters=1346, full_count=0
Compilation: enabled, stopped_count=0, restarted_count=0

Compilation events (20 events):
Event: 2439.741 Thread 0x000002a17107f600 nmethod 68467 0x000002a15eba2110 code [0x000002a15eba22a0, 0x000002a15eba2370]
Event: 2439.748 Thread 0x000002a17107f600 68470       2       com.android.tools.r8.graph.k$$Lambda/0x0000000802d47498::apply (12 bytes)
Event: 2439.748 Thread 0x000002a17107f600 nmethod 68470 0x000002a157b15510 code [0x000002a157b156c0, 0x000002a157b15838]
Event: 2439.752 Thread 0x000002a17107f600 68471       3       com.android.tools.r8.internal.dl::a (22 bytes)
Event: 2439.753 Thread 0x000002a17107f600 nmethod 68471 0x000002a157b14c90 code [0x000002a157b14e60, 0x000002a157b15218]
Event: 2439.757 Thread 0x000002a17107f600 68473       2       com.android.tools.r8.graph.k::b (32 bytes)
Event: 2439.758 Thread 0x000002a17107f600 nmethod 68473 0x000002a157ce6d90 code [0x000002a157ce6f60, 0x000002a157ce71a8]
Event: 2439.758 Thread 0x000002a17107f600 68474       2       com.android.tools.r8.graph.k$$Lambda/0x0000000802d47498::<init> (10 bytes)
Event: 2439.758 Thread 0x000002a17107f600 nmethod 68474 0x000002a15945de10 code [0x000002a15945dfa0, 0x000002a15945e0f8]
Event: 2439.758 Thread 0x000002a17107f600 68475       2       com.android.tools.r8.graph.ta$$Lambda/0x0000000802d47710::<init> (26 bytes)
Event: 2439.758 Thread 0x000002a17107f600 nmethod 68475 0x000002a157ce6890 code [0x000002a157ce6a40, 0x000002a157ce6cd0]
Event: 2439.759 Thread 0x000002a17107f600 68476       2       com.android.tools.r8.graph.ta$$Lambda/0x0000000802d47710::accept (24 bytes)
Event: 2439.759 Thread 0x000002a17107f600 nmethod 68476 0x000002a157ce6410 code [0x000002a157ce65c0, 0x000002a157ce6758]
Event: 2439.760 Thread 0x000002a17107f600 68477       2       com.android.tools.r8.graph.ta::a (29 bytes)
Event: 2439.760 Thread 0x000002a17107f600 nmethod 68477 0x000002a158072990 code [0x000002a158072b60, 0x000002a158072de0]
Event: 2439.760 Thread 0x000002a17107f600 68480       2       com.android.tools.r8.internal.l71::b (51 bytes)
Event: 2439.761 Thread 0x000002a17107f600 nmethod 68480 0x000002a158072310 code [0x000002a158072500, 0x000002a1580727d8]
Event: 2439.761 Thread 0x000002a17107f600 68478       2       com.android.tools.r8.internal.s72$$Lambda/0x0000000802d34d78::a (27 bytes)
Event: 2439.762 Thread 0x000002a17107f600 nmethod 68478 0x000002a157ce5f90 code [0x000002a157ce6140, 0x000002a157ce62e8]
Event: 2439.762 Thread 0x000002a17107f600 68479       2       com.android.tools.r8.internal.s72::a (39 bytes)

GC Heap History (20 events):
Event: 2272.250 GC heap after
{Heap after GC invocations=141 (full 0):
 garbage-first heap   total 1003520K, used 325223K [0x0000000700000000, 0x0000000800000000)
  region size 2048K, 4 young (8192K), 4 survivors (8192K)
 Metaspace       used 263557K, committed 267328K, reserved 1310720K
  class space    used 34103K, committed 35968K, reserved 1048576K
}
Event: 2286.202 GC heap before
{Heap before GC invocations=142 (full 0):
 garbage-first heap   total 1003520K, used 931431K [0x0000000700000000, 0x0000000800000000)
  region size 2048K, 294 young (602112K), 4 survivors (8192K)
 Metaspace       used 306389K, committed 310272K, reserved 1376256K
  class space    used 38866K, committed 40768K, reserved 1048576K
}
Event: 2286.279 GC heap after
{Heap after GC invocations=143 (full 0):
 garbage-first heap   total 1153024K, used 413696K [0x0000000700000000, 0x0000000800000000)
  region size 2048K, 37 young (75776K), 37 survivors (75776K)
 Metaspace       used 306389K, committed 310272K, reserved 1376256K
  class space    used 38866K, committed 40768K, reserved 1048576K
}
Event: 2289.161 GC heap before
{Heap before GC invocations=143 (full 0):
 garbage-first heap   total 1153024K, used 495616K [0x0000000700000000, 0x0000000800000000)
  region size 2048K, 78 young (159744K), 37 survivors (75776K)
 Metaspace       used 317138K, committed 321024K, reserved 1376256K
  class space    used 40124K, committed 42048K, reserved 1048576K
}
Event: 2289.210 GC heap after
{Heap after GC invocations=144 (full 0):
 garbage-first heap   total 1153024K, used 432093K [0x0000000700000000, 0x0000000800000000)
  region size 2048K, 7 young (14336K), 7 survivors (14336K)
 Metaspace       used 317138K, committed 321024K, reserved 1376256K
  class space    used 40124K, committed 42048K, reserved 1048576K
}
Event: 2401.506 GC heap before
{Heap before GC invocations=145 (full 0):
 garbage-first heap   total 1153024K, used 1019869K [0x0000000700000000, 0x0000000800000000)
  region size 2048K, 297 young (608256K), 7 survivors (14336K)
 Metaspace       used 330965K, committed 334976K, reserved 1376256K
  class space    used 41862K, committed 43840K, reserved 1048576K
}
Event: 2402.208 GC heap after
{Heap after GC invocations=146 (full 0):
 garbage-first heap   total 1153024K, used 461832K [0x0000000700000000, 0x0000000800000000)
  region size 2048K, 30 young (61440K), 30 survivors (61440K)
 Metaspace       used 330965K, committed 334976K, reserved 1376256K
  class space    used 41862K, committed 43840K, reserved 1048576K
}
Event: 2406.034 GC heap before
{Heap before GC invocations=146 (full 0):
 garbage-first heap   total 1153024K, used 721928K [0x0000000700000000, 0x0000000800000000)
  region size 2048K, 154 young (315392K), 30 survivors (61440K)
 Metaspace       used 334200K, committed 338240K, reserved 1376256K
  class space    used 42233K, committed 44224K, reserved 1048576K
}
Event: 2406.259 GC heap after
{Heap after GC invocations=147 (full 0):
 garbage-first heap   total 1153024K, used 486400K [0x0000000700000000, 0x0000000800000000)
  region size 2048K, 11 young (22528K), 11 survivors (22528K)
 Metaspace       used 334200K, committed 338240K, reserved 1376256K
  class space    used 42233K, committed 44224K, reserved 1048576K
}
Event: 2420.742 GC heap before
{Heap before GC invocations=147 (full 0):
 garbage-first heap   total 1153024K, used 1049600K [0x0000000700000000, 0x0000000800000000)
  region size 2048K, 279 young (571392K), 11 survivors (22528K)
 Metaspace       used 347155K, committed 351232K, reserved 1376256K
  class space    used 44188K, committed 46208K, reserved 1048576K
}
Event: 2420.863 GC heap after
{Heap after GC invocations=148 (full 0):
 garbage-first heap   total 1153024K, used 519168K [0x0000000700000000, 0x0000000800000000)
  region size 2048K, 33 young (67584K), 33 survivors (67584K)
 Metaspace       used 347155K, committed 351232K, reserved 1376256K
  class space    used 44188K, committed 46208K, reserved 1048576K
}
Event: 2420.865 GC heap before
{Heap before GC invocations=148 (full 0):
 garbage-first heap   total 1153024K, used 521216K [0x0000000700000000, 0x0000000800000000)
  region size 2048K, 34 young (69632K), 33 survivors (67584K)
 Metaspace       used 347158K, committed 351232K, reserved 1376256K
  class space    used 44188K, committed 46208K, reserved 1048576K
}
Event: 2420.968 GC heap after
{Heap after GC invocations=149 (full 0):
 garbage-first heap   total 1153024K, used 526336K [0x0000000700000000, 0x0000000800000000)
  region size 2048K, 4 young (8192K), 4 survivors (8192K)
 Metaspace       used 347158K, committed 351232K, reserved 1376256K
  class space    used 44188K, committed 46208K, reserved 1048576K
}
Event: 2423.657 GC heap before
{Heap before GC invocations=149 (full 0):
 garbage-first heap   total 1153024K, used 663552K [0x0000000700000000, 0x0000000800000000)
  region size 2048K, 72 young (147456K), 4 survivors (8192K)
 Metaspace       used 354535K, committed 358592K, reserved 1376256K
  class space    used 45245K, committed 47232K, reserved 1048576K
}
Event: 2423.686 GC heap after
{Heap after GC invocations=150 (full 0):
 garbage-first heap   total 1153024K, used 528322K [0x0000000700000000, 0x0000000800000000)
  region size 2048K, 5 young (10240K), 5 survivors (10240K)
 Metaspace       used 354535K, committed 358592K, reserved 1376256K
  class space    used 45245K, committed 47232K, reserved 1048576K
}
Event: 2436.015 GC heap before
{Heap before GC invocations=151 (full 0):
 garbage-first heap   total 1153024K, used 753602K [0x0000000700000000, 0x0000000800000000)
  region size 2048K, 142 young (290816K), 5 survivors (10240K)
 Metaspace       used 346318K, committed 352704K, reserved 1376256K
  class space    used 44217K, committed 46848K, reserved 1048576K
}
Event: 2436.060 GC heap after
{Heap after GC invocations=152 (full 0):
 garbage-first heap   total 1153024K, used 482797K [0x0000000700000000, 0x0000000800000000)
  region size 2048K, 9 young (18432K), 9 survivors (18432K)
 Metaspace       used 346318K, committed 352704K, reserved 1376256K
  class space    used 44217K, committed 46848K, reserved 1048576K
}
Event: 2438.607 GC heap before
{Heap before GC invocations=152 (full 0):
 garbage-first heap   total 1153024K, used 1048045K [0x0000000700000000, 0x0000000800000000)
  region size 2048K, 285 young (583680K), 9 survivors (18432K)
 Metaspace       used 346596K, committed 352704K, reserved 1376256K
  class space    used 44234K, committed 46848K, reserved 1048576K
}
Event: 2438.751 GC heap after
{Heap after GC invocations=153 (full 0):
 garbage-first heap   total 1153024K, used 443923K [0x0000000700000000, 0x0000000800000000)
  region size 2048K, 15 young (30720K), 15 survivors (30720K)
 Metaspace       used 346596K, committed 352704K, reserved 1376256K
  class space    used 44234K, committed 46848K, reserved 1048576K
}
Event: 2439.763 GC heap before
{Heap before GC invocations=153 (full 0):
 garbage-first heap   total 1153024K, used 689683K [0x0000000700000000, 0x0000000800000000)
  region size 2048K, 136 young (278528K), 15 survivors (30720K)
 Metaspace       used 346741K, committed 352704K, reserved 1376256K
  class space    used 44250K, committed 46848K, reserved 1048576K
}

Dll operation events (4 events):
Event: 0.017 Loaded shared library C:\Program Files\Android\Android Studio\jbr\bin\java.dll
Event: 0.027 Loaded shared library C:\Program Files\Android\Android Studio\jbr\bin\zip.dll
Event: 0.764 Loaded shared library C:\Program Files\Android\Android Studio\jbr\bin\verify.dll
Event: 2433.544 Unloaded dll "C:\Users\yasin\AppData\Local\Temp\sqlite-3.41.2.2-1f834de4-7623-4add-9927-8610e8d197dd-sqlitejdbc.dll" [0x00007ffd9f810000]

Deoptimization events (20 events):
Event: 2439.531 Thread 0x000002a113414b40 DEOPT PACKING pc=0x000002a15e1cc280 sp=0x000000dcfa0fba40
Event: 2439.531 Thread 0x000002a113414b40 DEOPT UNPACKING pc=0x000002a15d624422 sp=0x000000dcfa0fb9c0 mode 2
Event: 2439.531 Thread 0x000002a113414b40 Uncommon trap: trap_request=0xffffffbe fr.pc=0x000002a15e1cc280 relative=0x0000000000000480
Event: 2439.531 Thread 0x000002a113414b40 Uncommon trap: reason=profile_predicate action=maybe_recompile pc=0x000002a15e1cc280 method=java.util.Collections.indexedBinarySearch(Ljava/util/List;Ljava/lang/Object;)I @ 13 c2
Event: 2439.531 Thread 0x000002a113414b40 DEOPT PACKING pc=0x000002a15e1cc280 sp=0x000000dcfa0fba40
Event: 2439.532 Thread 0x000002a113414b40 DEOPT UNPACKING pc=0x000002a15d624422 sp=0x000000dcfa0fb9c0 mode 2
Event: 2439.532 Thread 0x000002a113414b40 Uncommon trap: trap_request=0xffffffbe fr.pc=0x000002a15e1cc280 relative=0x0000000000000480
Event: 2439.532 Thread 0x000002a113414b40 Uncommon trap: reason=profile_predicate action=maybe_recompile pc=0x000002a15e1cc280 method=java.util.Collections.indexedBinarySearch(Ljava/util/List;Ljava/lang/Object;)I @ 13 c2
Event: 2439.533 Thread 0x000002a113414b40 DEOPT PACKING pc=0x000002a15e1cc280 sp=0x000000dcfa0fba40
Event: 2439.533 Thread 0x000002a113414b40 DEOPT UNPACKING pc=0x000002a15d624422 sp=0x000000dcfa0fb9c0 mode 2
Event: 2439.533 Thread 0x000002a113414b40 Uncommon trap: trap_request=0xffffffbe fr.pc=0x000002a15e1cc280 relative=0x0000000000000480
Event: 2439.533 Thread 0x000002a113414b40 Uncommon trap: reason=profile_predicate action=maybe_recompile pc=0x000002a15e1cc280 method=java.util.Collections.indexedBinarySearch(Ljava/util/List;Ljava/lang/Object;)I @ 13 c2
Event: 2439.533 Thread 0x000002a113414b40 DEOPT PACKING pc=0x000002a15e1cc280 sp=0x000000dcfa0fba40
Event: 2439.533 Thread 0x000002a113414b40 DEOPT UNPACKING pc=0x000002a15d624422 sp=0x000000dcfa0fb9c0 mode 2
Event: 2439.540 Thread 0x000002a113414b40 Uncommon trap: trap_request=0xffffff45 fr.pc=0x000002a15f2b3720 relative=0x0000000000000820
Event: 2439.540 Thread 0x000002a113414b40 Uncommon trap: reason=unstable_if action=reinterpret pc=0x000002a15f2b3720 method=com.android.tools.r8.internal.cd2.a(I)Lcom/android/tools/r8/internal/cd2; @ 89 c2
Event: 2439.540 Thread 0x000002a113414b40 DEOPT PACKING pc=0x000002a15f2b3720 sp=0x000000dcfa0fbad0
Event: 2439.540 Thread 0x000002a113414b40 DEOPT UNPACKING pc=0x000002a15d624422 sp=0x000000dcfa0fba68 mode 2
Event: 2439.682 Thread 0x000002a1040b6240 DEOPT PACKING pc=0x000002a1570cc566 sp=0x000000dcf96fca10
Event: 2439.682 Thread 0x000002a1040b6240 DEOPT UNPACKING pc=0x000002a15d624bc2 sp=0x000000dcf96fc038 mode 0

Classes loaded (20 events):
Event: 2413.146 Loading class java/nio/file/FileTreeIterator
Event: 2413.151 Loading class java/nio/file/FileTreeIterator done
Event: 2421.632 Loading class java/util/IdentityHashMap$EntrySpliterator
Event: 2421.635 Loading class java/util/IdentityHashMap$IdentityHashMapSpliterator
Event: 2421.636 Loading class java/util/IdentityHashMap$IdentityHashMapSpliterator done
Event: 2421.636 Loading class java/util/IdentityHashMap$EntrySpliterator done
Event: 2421.724 Loading class java/util/SortedSet$1
Event: 2421.726 Loading class java/util/SortedSet$1 done
Event: 2423.020 Loading class java/util/concurrent/ConcurrentHashMap$TreeNode
Event: 2423.034 Loading class java/util/concurrent/ConcurrentHashMap$TreeNode done
Event: 2423.034 Loading class java/util/concurrent/ConcurrentHashMap$TreeBin
Event: 2423.039 Loading class java/util/concurrent/ConcurrentHashMap$TreeBin done
Event: 2423.615 Loading class java/nio/ShortBuffer
Event: 2423.624 Loading class java/nio/ShortBuffer done
Event: 2423.945 Loading class java/nio/ByteBufferAsShortBufferL
Event: 2423.958 Loading class java/nio/ByteBufferAsShortBufferL done
Event: 2433.761 Loading class java/util/zip/Adler32
Event: 2433.773 Loading class java/util/zip/Adler32 done
Event: 2433.895 Loading class java/util/zip/ZipOutputStream$XEntry
Event: 2433.906 Loading class java/util/zip/ZipOutputStream$XEntry done

Classes unloaded (20 events):
Event: 2424.139 Thread 0x000002a16ce49d70 Unloading class 0x00000008026bab58 'androidx/room/compiler/processing/ksp/KspProcessingEnv$jvmVersion$2'
Event: 2424.139 Thread 0x000002a16ce49d70 Unloading class 0x00000008026ba6b8 'androidx/room/compiler/processing/XProcessingEnv$Platform'
Event: 2424.140 Thread 0x000002a16ce49d70 Unloading class 0x00000008026ba440 'androidx/room/compiler/processing/ksp/KspProcessingEnv$jvmPlatformInfo$2'
Event: 2424.140 Thread 0x000002a16ce49d70 Unloading class 0x00000008026b9fa0 'androidx/room/compiler/processing/XProcessingEnv$Backend'
Event: 2424.140 Thread 0x000002a16ce49d70 Unloading class 0x00000008026b9d68 'androidx/room/compiler/processing/XProcessingEnv$Companion'
Event: 2424.141 Thread 0x000002a16ce49d70 Unloading class 0x00000008026b99a0 'androidx/room/compiler/processing/ksp/KspProcessingEnv'
Event: 2424.141 Thread 0x000002a16ce49d70 Unloading class 0x00000008026b9770 'androidx/room/compiler/processing/XProcessingEnv'
Event: 2424.141 Thread 0x000002a16ce49d70 Unloading class 0x00000008026b94f8 'androidx/room/compiler/processing/ksp/KspBasicAnnotationProcessor$DelegateLogger'
Event: 2424.141 Thread 0x000002a16ce49d70 Unloading class 0x00000008026b9050 'androidx/room/processor/Context$BooleanProcessorOptions'
Event: 2424.141 Thread 0x000002a16ce49d70 Unloading class 0x00000008026b8e10 'androidx/room/compiler/processing/XProcessingEnvConfig$Builder'
Event: 2424.141 Thread 0x000002a16ce49d70 Unloading class 0x00000008026b8bd8 'androidx/room/compiler/processing/XProcessingEnvConfig$Companion'
Event: 2424.141 Thread 0x000002a16ce49d70 Unloading class 0x00000008026b89a0 'androidx/room/compiler/processing/XProcessingEnvConfig'
Event: 2424.141 Thread 0x000002a16ce49d70 Unloading class 0x00000008026b8768 'androidx/room/DatabaseProcessingStep$Companion'
Event: 2424.141 Thread 0x000002a16ce49d70 Unloading class 0x00000008026b84f0 'androidx/room/DatabaseProcessingStep'
Event: 2424.141 Thread 0x000002a16ce49d70 Unloading class 0x00000008026b82c0 'androidx/room/compiler/processing/XProcessingStep'
Event: 2424.141 Thread 0x000002a16ce49d70 Unloading class 0x00000008026b8000 'androidx/room/RoomKspProcessor'
Event: 2424.141 Thread 0x000002a16ce49d70 Unloading class 0x0000000802110480 'androidx/room/compiler/processing/ksp/KspBasicAnnotationProcessor'
Event: 2424.141 Thread 0x000002a16ce49d70 Unloading class 0x0000000802110250 'androidx/room/compiler/processing/XBasicAnnotationProcessor'
Event: 2424.141 Thread 0x000002a16ce49d70 Unloading class 0x0000000802110000 'com/squareup/moshi/kotlin/codegen/ksp/JsonClassSymbolProcessorProvider'
Event: 2424.141 Thread 0x000002a16ce49d70 Unloading class 0x000000080210d400 'androidx/room/RoomKspProcessor$Provider'

Classes redefined (0 events):
No events

Internal exceptions (20 events):
Event: 2436.421 Thread 0x000002a10b4dc940 Exception <a 'sun/nio/fs/WindowsException'{0x00000007fc05a488}> (0x00000007fc05a488) 
thrown [s\src\hotspot\share\prims\jni.cpp, line 537]
Event: 2436.426 Thread 0x000002a10b4dc940 Exception <a 'sun/nio/fs/WindowsException'{0x00000007fc064c00}> (0x00000007fc064c00) 
thrown [s\src\hotspot\share\prims\jni.cpp, line 537]
Event: 2436.428 Thread 0x000002a10b4dc940 Exception <a 'sun/nio/fs/WindowsException'{0x00000007fc065af8}> (0x00000007fc065af8) 
thrown [s\src\hotspot\share\prims\jni.cpp, line 537]
Event: 2436.434 Thread 0x000002a10b4dc940 Exception <a 'sun/nio/fs/WindowsException'{0x00000007fc070270}> (0x00000007fc070270) 
thrown [s\src\hotspot\share\prims\jni.cpp, line 537]
Event: 2436.438 Thread 0x000002a10b4dc940 Exception <a 'sun/nio/fs/WindowsException'{0x00000007fc071168}> (0x00000007fc071168) 
thrown [s\src\hotspot\share\prims\jni.cpp, line 537]
Event: 2437.553 Thread 0x000002a1040b6240 Exception <a 'sun/nio/fs/WindowsException'{0x0000000731ff01b0}> (0x0000000731ff01b0) 
thrown [s\src\hotspot\share\prims\jni.cpp, line 537]
Event: 2437.577 Thread 0x000002a1040b6240 Exception <a 'sun/nio/fs/WindowsException'{0x0000000731ff9058}> (0x0000000731ff9058) 
thrown [s\src\hotspot\share\prims\jni.cpp, line 537]
Event: 2437.580 Thread 0x000002a1040b6240 Exception <a 'sun/nio/fs/WindowsException'{0x00000007312f76d0}> (0x00000007312f76d0) 
thrown [s\src\hotspot\share\prims\jni.cpp, line 537]
Event: 2437.584 Thread 0x000002a1040b6240 Exception <a 'sun/nio/fs/WindowsException'{0x00000007313000d8}> (0x00000007313000d8) 
thrown [s\src\hotspot\share\prims\jni.cpp, line 537]
Event: 2437.587 Thread 0x000002a1040b6240 Exception <a 'sun/nio/fs/WindowsException'{0x0000000731308c78}> (0x0000000731308c78) 
thrown [s\src\hotspot\share\prims\jni.cpp, line 537]
Event: 2439.475 Thread 0x000002a1040b5bb0 Exception <a 'sun/nio/fs/WindowsException'{0x000000073aab6908}> (0x000000073aab6908) 
thrown [s\src\hotspot\share\prims\jni.cpp, line 537]
Event: 2439.478 Thread 0x000002a1040b5bb0 Exception <a 'sun/nio/fs/WindowsException'{0x000000073aabec88}> (0x000000073aabec88) 
thrown [s\src\hotspot\share\prims\jni.cpp, line 537]
Event: 2439.481 Thread 0x000002a1040b5bb0 Exception <a 'sun/nio/fs/WindowsException'{0x000000073aac6600}> (0x000000073aac6600) 
thrown [s\src\hotspot\share\prims\jni.cpp, line 537]
Event: 2439.484 Thread 0x000002a1040b5bb0 Exception <a 'sun/nio/fs/WindowsException'{0x000000073aacde38}> (0x000000073aacde38) 
thrown [s\src\hotspot\share\prims\jni.cpp, line 537]
Event: 2439.495 Thread 0x000002a1040b5bb0 Exception <a 'sun/nio/fs/WindowsException'{0x000000073aad60f0}> (0x000000073aad60f0) 
thrown [s\src\hotspot\share\prims\jni.cpp, line 537]
Event: 2439.498 Thread 0x000002a1040b5bb0 Exception <a 'sun/nio/fs/WindowsException'{0x000000073aadda10}> (0x000000073aadda10) 
thrown [s\src\hotspot\share\prims\jni.cpp, line 537]
Event: 2439.500 Thread 0x000002a1040b5bb0 Exception <a 'sun/nio/fs/WindowsException'{0x000000073aae5ca0}> (0x000000073aae5ca0) 
thrown [s\src\hotspot\share\prims\jni.cpp, line 537]
Event: 2439.503 Thread 0x000002a1040b5bb0 Exception <a 'sun/nio/fs/WindowsException'{0x000000073aaed5b8}> (0x000000073aaed5b8) 
thrown [s\src\hotspot\share\prims\jni.cpp, line 537]
Event: 2439.505 Thread 0x000002a1040b5bb0 Exception <a 'sun/nio/fs/WindowsException'{0x000000073aaf4e68}> (0x000000073aaf4e68) 
thrown [s\src\hotspot\share\prims\jni.cpp, line 537]
Event: 2439.508 Thread 0x000002a1040b5bb0 Exception <a 'sun/nio/fs/WindowsException'{0x000000073aafd1f8}> (0x000000073aafd1f8) 
thrown [s\src\hotspot\share\prims\jni.cpp, line 537]

ZGC Phase Switch (0 events):
No events

VM Operations (20 events):
Event: 2434.308 Executing safepoint VM operation: ICBufferFull done
Event: 2435.070 Executing safepoint VM operation: ICBufferFull
Event: 2435.117 Executing safepoint VM operation: ICBufferFull done
Event: 2435.118 Executing safepoint VM operation: ICBufferFull
Event: 2435.160 Executing safepoint VM operation: ICBufferFull done
Event: 2435.284 Executing safepoint VM operation: G1PauseCleanup
Event: 2435.289 Executing safepoint VM operation: G1PauseCleanup done
Event: 2436.015 Executing safepoint VM operation: G1CollectForAllocation (G1 Evacuation Pause)
Event: 2436.061 Executing safepoint VM operation: G1CollectForAllocation (G1 Evacuation Pause) done
Event: 2436.678 Executing safepoint VM operation: ICBufferFull
Event: 2436.679 Executing safepoint VM operation: ICBufferFull done
Event: 2437.137 Executing safepoint VM operation: ICBufferFull
Event: 2437.141 Executing safepoint VM operation: ICBufferFull done
Event: 2437.835 Executing safepoint VM operation: ICBufferFull
Event: 2437.845 Executing safepoint VM operation: ICBufferFull done
Event: 2438.607 Executing safepoint VM operation: G1CollectForAllocation (G1 Evacuation Pause)
Event: 2438.751 Executing safepoint VM operation: G1CollectForAllocation (G1 Evacuation Pause) done
Event: 2439.751 Executing safepoint VM operation: Cleanup
Event: 2439.752 Executing safepoint VM operation: Cleanup done
Event: 2439.763 Executing safepoint VM operation: G1CollectForAllocation (G1 Evacuation Pause)

Memory protections (0 events):
No events

Nmethod flushes (20 events):
Event: 2433.266 Thread 0x000002a16ce49d70 flushing  nmethod 0x000002a1598d4e90
Event: 2433.266 Thread 0x000002a16ce49d70 flushing  nmethod 0x000002a1598d5c10
Event: 2433.266 Thread 0x000002a16ce49d70 flushing  nmethod 0x000002a1598d8c10
Event: 2433.266 Thread 0x000002a16ce49d70 flushing  nmethod 0x000002a1598ddd90
Event: 2433.266 Thread 0x000002a16ce49d70 flushing  nmethod 0x000002a1598df490
Event: 2433.266 Thread 0x000002a16ce49d70 flushing  nmethod 0x000002a1598e0010
Event: 2433.266 Thread 0x000002a16ce49d70 flushing  nmethod 0x000002a1598e2690
Event: 2433.266 Thread 0x000002a16ce49d70 flushing  nmethod 0x000002a1598e3590
Event: 2433.266 Thread 0x000002a16ce49d70 flushing  nmethod 0x000002a1598e4990
Event: 2433.266 Thread 0x000002a16ce49d70 flushing  nmethod 0x000002a1598e5e90
Event: 2433.266 Thread 0x000002a16ce49d70 flushing  nmethod 0x000002a1598f8710
Event: 2433.266 Thread 0x000002a16ce49d70 flushing  nmethod 0x000002a1598f9b90
Event: 2433.266 Thread 0x000002a16ce49d70 flushing  nmethod 0x000002a1598fba90
Event: 2433.266 Thread 0x000002a16ce49d70 flushing  nmethod 0x000002a159901390
Event: 2433.266 Thread 0x000002a16ce49d70 flushing  nmethod 0x000002a159911a10
Event: 2433.266 Thread 0x000002a16ce49d70 flushing  nmethod 0x000002a159913b10
Event: 2433.267 Thread 0x000002a16ce49d70 flushing  nmethod 0x000002a15991aa90
Event: 2433.267 Thread 0x000002a16ce49d70 flushing  nmethod 0x000002a15991ca90
Event: 2433.267 Thread 0x000002a16ce49d70 flushing  nmethod 0x000002a15991d790
Event: 2433.267 Thread 0x000002a16ce49d70 flushing  nmethod 0x000002a159979a10

Events (20 events):
Event: 2299.080 Thread 0x000002a113a1b4f0 Thread added: 0x000002a10b4de380
Event: 2299.193 Thread 0x000002a10b4dbc20 Thread added: 0x000002a1048de140
Event: 2303.109 Thread 0x000002a11bd21340 Thread exited: 0x000002a11bd21340
Event: 2306.336 Thread 0x000002a1133fd350 Thread exited: 0x000002a1133fd350
Event: 2306.855 Thread 0x000002a1130a8200 Thread exited: 0x000002a1130a8200
Event: 2311.689 Thread 0x000002a113a18070 Thread exited: 0x000002a113a18070
Event: 2320.259 Thread 0x000002a10b070110 Thread exited: 0x000002a10b070110
Event: 2328.823 Thread 0x000002a113400140 Thread exited: 0x000002a113400140
Event: 2374.226 Thread 0x000002a1048de140 Thread exited: 0x000002a1048de140
Event: 2387.781 Thread 0x000002a10b4dbc20 Thread added: 0x000002a104818bf0
Event: 2396.631 Thread 0x000002a119cf1e60 Thread added: 0x000002a10b4daf00
Event: 2402.274 Thread 0x000002a10b4dc940 Thread exited: 0x000002a10b4dc940
Event: 2410.154 Thread 0x000002a119cf1e60 Thread added: 0x000002a1130aa960
Event: 2410.155 Thread 0x000002a119cf1e60 Thread added: 0x000002a1130a8200
Event: 2413.077 Thread 0x000002a119cf1e60 Thread added: 0x000002a10b4dc940
Event: 2418.558 Thread 0x000002a17107e3e0 Thread added: 0x000002a1045e94c0
Event: 2419.923 Thread 0x000002a1045e94c0 Thread exited: 0x000002a1045e94c0
Event: 2420.623 Thread 0x000002a17107f600 Thread added: 0x000002a11341b6a0
Event: 2421.935 Thread 0x000002a11341b6a0 Thread exited: 0x000002a11341b6a0
Event: 2438.444 Thread 0x000002a10b4dc940 Thread exited: 0x000002a10b4dc940


Dynamic libraries:
0x00007ff6a4350000 - 0x00007ff6a435a000 	C:\Program Files\Android\Android Studio\jbr\bin\java.exe
0x00007ffdc6660000 - 0x00007ffdc68c6000 	C:\WINDOWS\SYSTEM32\ntdll.dll
0x00007ffdc52b0000 - 0x00007ffdc5379000 	C:\WINDOWS\System32\KERNEL32.DLL
0x00007ffdc3f80000 - 0x00007ffdc437e000 	C:\WINDOWS\System32\KERNELBASE.dll
0x00007ffdc3cd0000 - 0x00007ffdc3e1c000 	C:\WINDOWS\System32\ucrtbase.dll
0x00007ffdbe1d0000 - 0x00007ffdbe1eb000 	C:\Program Files\Android\Android Studio\jbr\bin\VCRUNTIME140.dll
0x00007ffdbb500000 - 0x00007ffdbb518000 	C:\Program Files\Android\Android Studio\jbr\bin\jli.dll
0x00007ffdc6430000 - 0x00007ffdc65f7000 	C:\WINDOWS\System32\USER32.dll
0x00007ffdc3b30000 - 0x00007ffdc3b57000 	C:\WINDOWS\System32\win32u.dll
0x00007ffdc5560000 - 0x00007ffdc558b000 	C:\WINDOWS\System32\GDI32.dll
0x00007ffdc3880000 - 0x00007ffdc39aa000 	C:\WINDOWS\System32\gdi32full.dll
0x00007ffda9650000 - 0x00007ffda98e2000 	C:\WINDOWS\WinSxS\amd64_microsoft.windows.common-controls_6595b64144ccf1df_6.0.26100.8875_none_3e0d5d42e32fe9dd\COMCTL32.dll
0x00007ffdc3c20000 - 0x00007ffdc3cc3000 	C:\WINDOWS\System32\msvcp_win.dll
0x00007ffdc4d30000 - 0x00007ffdc4dd9000 	C:\WINDOWS\System32\msvcrt.dll
0x00007ffdc5ed0000 - 0x00007ffdc5f02000 	C:\WINDOWS\System32\IMM32.DLL
0x00007ffdbe280000 - 0x00007ffdbe28c000 	C:\Program Files\Android\Android Studio\jbr\bin\vcruntime140_1.dll
0x00007ffdae770000 - 0x00007ffdae7fd000 	C:\Program Files\Android\Android Studio\jbr\bin\msvcp140.dll
0x00007ffd36df0000 - 0x00007ffd37a86000 	C:\Program Files\Android\Android Studio\jbr\bin\server\jvm.dll
0x00007ffdc49e0000 - 0x00007ffdc4a97000 	C:\WINDOWS\System32\ADVAPI32.dll
0x00007ffdc4c80000 - 0x00007ffdc4d2a000 	C:\WINDOWS\System32\sechost.dll
0x00007ffdc5db0000 - 0x00007ffdc5ec8000 	C:\WINDOWS\System32\RPCRT4.dll
0x00007ffdc4f10000 - 0x00007ffdc4f90000 	C:\WINDOWS\System32\WS2_32.dll
0x00007ffdc3700000 - 0x00007ffdc375e000 	C:\WINDOWS\SYSTEM32\POWRPROF.dll
0x00007ffdb7e30000 - 0x00007ffdb7e66000 	C:\WINDOWS\SYSTEM32\WINMM.dll
0x00007ffdac7e0000 - 0x00007ffdac7eb000 	C:\WINDOWS\SYSTEM32\VERSION.dll
0x00007ffdc36e0000 - 0x00007ffdc36f4000 	C:\WINDOWS\SYSTEM32\UMPDC.dll
0x00007ffdc2530000 - 0x00007ffdc254b000 	C:\WINDOWS\SYSTEM32\kernel.appcore.dll
0x00007ffdbe240000 - 0x00007ffdbe24a000 	C:\Program Files\Android\Android Studio\jbr\bin\jimage.dll
0x00007ffdc0d00000 - 0x00007ffdc0f42000 	C:\WINDOWS\SYSTEM32\DBGHELP.DLL
0x00007ffdc60a0000 - 0x00007ffdc6423000 	C:\WINDOWS\System32\combase.dll
0x00007ffdc4fa0000 - 0x00007ffdc5079000 	C:\WINDOWS\System32\OLEAUT32.dll
0x00007ffda7800000 - 0x00007ffda783b000 	C:\WINDOWS\SYSTEM32\dbgcore.DLL
0x00007ffdc3ec0000 - 0x00007ffdc3f6c000 	C:\WINDOWS\System32\bcryptPrimitives.dll
0x00007ffdbb180000 - 0x00007ffdbb18e000 	C:\Program Files\Android\Android Studio\jbr\bin\instrument.dll
0x00007ffdbb4e0000 - 0x00007ffdbb500000 	C:\Program Files\Android\Android Studio\jbr\bin\java.dll
0x00007ffdaeca0000 - 0x00007ffdaecb8000 	C:\Program Files\Android\Android Studio\jbr\bin\zip.dll
0x00007ffdc5590000 - 0x00007ffdc5d22000 	C:\WINDOWS\System32\SHELL32.dll
0x00007ffdc12e0000 - 0x00007ffdc1b72000 	C:\WINDOWS\SYSTEM32\windows.storage.dll
0x00007ffdc53e0000 - 0x00007ffdc54d7000 	C:\WINDOWS\System32\SHCORE.dll
0x00007ffdc5d40000 - 0x00007ffdc5da7000 	C:\WINDOWS\System32\shlwapi.dll
0x00007ffdc37a0000 - 0x00007ffdc37c9000 	C:\WINDOWS\SYSTEM32\profapi.dll
0x00007ffdc00b0000 - 0x00007ffdc00c0000 	C:\Program Files\Android\Android Studio\jbr\bin\net.dll
0x00007ffdbc670000 - 0x00007ffdbc797000 	C:\WINDOWS\SYSTEM32\WINHTTP.dll
0x00007ffdc2ac0000 - 0x00007ffdc2b2c000 	C:\WINDOWS\system32\mswsock.dll
0x00007ffdaef30000 - 0x00007ffdaef46000 	C:\Program Files\Android\Android Studio\jbr\bin\nio.dll
0x00007ffdaef00000 - 0x00007ffdaef10000 	C:\Program Files\Android\Android Studio\jbr\bin\verify.dll
0x00007ffda9390000 - 0x00007ffda93b7000 	C:\Users\yasin\.gradle\native\660c5614fbf4a5f2a75b1949f50a0caf5cd603558e7d8a26e50b933a0cfb79d1\windows-amd64\native-platform.dll
0x00007ffd9e5c0000 - 0x00007ffd9e637000 	C:\Users\yasin\.gradle\native\0.2.8\x86_64-windows-gnu\gradle-fileevents.dll
0x00007ffdbd1d0000 - 0x00007ffdbd1d9000 	C:\Program Files\Android\Android Studio\jbr\bin\management.dll
0x00007ffdbb590000 - 0x00007ffdbb59b000 	C:\Program Files\Android\Android Studio\jbr\bin\management_ext.dll
0x00007ffdc4f00000 - 0x00007ffdc4f08000 	C:\WINDOWS\System32\PSAPI.DLL
0x00007ffdc1ed0000 - 0x00007ffdc1f03000 	C:\WINDOWS\SYSTEM32\IPHLPAPI.DLL
0x00007ffdc5d30000 - 0x00007ffdc5d3a000 	C:\WINDOWS\System32\NSI.dll
0x00007ffdbe1b0000 - 0x00007ffdbe1b9000 	C:\Program Files\Android\Android Studio\jbr\bin\extnet.dll
0x00007ffdc2df0000 - 0x00007ffdc2e0b000 	C:\WINDOWS\SYSTEM32\CRYPTSP.dll
0x00007ffdc2490000 - 0x00007ffdc24c9000 	C:\WINDOWS\system32\rsaenh.dll
0x00007ffdc2b80000 - 0x00007ffdc2bb2000 	C:\WINDOWS\SYSTEM32\USERENV.dll
0x00007ffdc3770000 - 0x00007ffdc379a000 	C:\WINDOWS\SYSTEM32\bcrypt.dll
0x00007ffdc2e10000 - 0x00007ffdc2e1c000 	C:\WINDOWS\SYSTEM32\CRYPTBASE.dll
0x00007ffda90a0000 - 0x00007ffda90a8000 	C:\WINDOWS\system32\wshunix.dll
0x00007ffdc2660000 - 0x00007ffdc2696000 	C:\WINDOWS\SYSTEM32\ntmarta.dll
0x00007ffd9e690000 - 0x00007ffd9e829000 	C:\Program Files\Android\Android Studio\jbr\bin\awt.dll
0x00007ffdc0930000 - 0x00007ffdc095f000 	C:\WINDOWS\SYSTEM32\dwmapi.dll
0x00007ffdaea40000 - 0x00007ffdaea84000 	C:\Program Files\Android\Android Studio\jbr\bin\nvdaControllerClient64.dll
0x00007ffd8be80000 - 0x00007ffd8bef3000 	C:\WINDOWS\SYSTEM32\OLEACC.dll
0x00007ffdc0260000 - 0x00007ffdc0300000 	C:\WINDOWS\SYSTEM32\apphelp.dll
0x00007ffdc0490000 - 0x00007ffdc0539000 	C:\WINDOWS\system32\uxtheme.dll
0x00007ffdc4870000 - 0x00007ffdc49cd000 	C:\WINDOWS\System32\MSCTF.dll
0x00007ffdc5080000 - 0x00007ffdc5219000 	C:\WINDOWS\System32\ole32.dll
0x00007ffd8fe50000 - 0x00007ffd8fe68000 	C:\WINDOWS\system32\napinsp.dll
0x00007ffdc1f10000 - 0x00007ffdc2066000 	C:\WINDOWS\SYSTEM32\DNSAPI.dll
0x00007ffdc2870000 - 0x00007ffdc287d000 	C:\WINDOWS\SYSTEM32\DSPARSE.dll
0x00007ffd8fc00000 - 0x00007ffd8fc13000 	C:\WINDOWS\System32\winrnr.dll
0x00007ffd8fbb0000 - 0x00007ffd8fbd2000 	C:\WINDOWS\system32\nlansp_c.dll
0x00007ffd94900000 - 0x00007ffd94916000 	C:\WINDOWS\system32\wshbth.dll
0x00007ffdbbb40000 - 0x00007ffdbbb4b000 	C:\Windows\System32\rasadhlp.dll
0x00007ffdbd120000 - 0x00007ffdbd1a6000 	C:\WINDOWS\System32\fwpuclnt.dll
0x00007ffdaee00000 - 0x00007ffdaee07000 	C:\Program Files\Android\Android Studio\jbr\bin\rmi.dll

JVMTI agents:
C:\Users\yasin\.gradle\wrapper\dists\gradle-9.3.1-bin\23ovyewtku6u96viwx3xl3oks\gradle-9.3.1\lib\agents\gradle-instrumentation-agent-9.3.1.jar path:C:\Program Files\Android\Android Studio\jbr\bin\instrument.dll, loaded, initialized, instrumentlib options:none

dbghelp: loaded successfully - version: 4.0.5 - missing functions: none
symbol engine: initialized successfully - sym options: 0x614 - pdb path: .;C:\Program Files\Android\Android Studio\jbr\bin;C:\WINDOWS\SYSTEM32;C:\WINDOWS\WinSxS\amd64_microsoft.windows.common-controls_6595b64144ccf1df_6.0.26100.8875_none_3e0d5d42e32fe9dd;C:\Program Files\Android\Android Studio\jbr\bin\server;C:\Users\yasin\.gradle\native\660c5614fbf4a5f2a75b1949f50a0caf5cd603558e7d8a26e50b933a0cfb79d1\windows-amd64;C:\Users\yasin\.gradle\native\0.2.8\x86_64-windows-gnu;C:\Users\yasin\AppData\Local\Temp

VM Arguments:
jvm_args: --add-opens=java.base/java.lang=ALL-UNNAMED --add-opens=java.base/java.lang.invoke=ALL-UNNAMED --add-opens=java.base/java.util=ALL-UNNAMED --add-opens=java.prefs/java.util.prefs=ALL-UNNAMED --add-exports=jdk.compiler/com.sun.tools.javac.api=ALL-UNNAMED --add-exports=jdk.compiler/com.sun.tools.javac.util=ALL-UNNAMED --add-opens=java.base/java.util=ALL-UNNAMED --add-opens=java.prefs/java.util.prefs=ALL-UNNAMED --add-opens=java.base/java.nio.charset=ALL-UNNAMED --add-opens=java.base/java.net=ALL-UNNAMED --add-opens=java.base/java.util.concurrent=ALL-UNNAMED --add-opens=java.base/java.util.concurrent.atomic=ALL-UNNAMED --add-opens=java.xml/javax.xml.namespace=ALL-UNNAMED --add-opens=java.base/java.time=ALL-UNNAMED -Xmx4g -Dfile.encoding=UTF-8 -Duser.country=US -Duser.language=en -Duser.variant -javaagent:C:\Users\yasin\.gradle\wrapper\dists\gradle-9.3.1-bin\23ovyewtku6u96viwx3xl3oks\gradle-9.3.1\lib\agents\gradle-instrumentation-agent-9.3.1.jar 
java_command: org.gradle.launcher.daemon.bootstrap.GradleDaemon 9.3.1
java_class_path (initial): C:\Users\yasin\.gradle\wrapper\dists\gradle-9.3.1-bin\23ovyewtku6u96viwx3xl3oks\gradle-9.3.1\lib\gradle-daemon-main-9.3.1.jar
Launcher Type: SUN_STANDARD

[Global flags]
     intx CICompilerCount                          = 4                                         {product} {ergonomic}
     uint ConcGCThreads                            = 2                                         {product} {ergonomic}
     uint G1ConcRefinementThreads                  = 8                                         {product} {ergonomic}
   size_t G1HeapRegionSize                         = 2097152                                   {product} {ergonomic}
    uintx GCDrainStackTargetSize                   = 64                                        {product} {ergonomic}
   size_t InitialHeapSize                          = 130023424                                 {product} {ergonomic}
   size_t MarkStackSize                            = 4194304                                   {product} {ergonomic}
   size_t MaxHeapSize                              = 4294967296                                {product} {command line}
   size_t MaxNewSize                               = 2575302656                                {product} {ergonomic}
   size_t MinHeapDeltaBytes                        = 2097152                                   {product} {ergonomic}
   size_t MinHeapSize                              = 8388608                                   {product} {ergonomic}
    uintx NonNMethodCodeHeapSize                   = 5839372                                {pd product} {ergonomic}
    uintx NonProfiledCodeHeapSize                  = 122909434                              {pd product} {ergonomic}
    uintx ProfiledCodeHeapSize                     = 122909434                              {pd product} {ergonomic}
    uintx ReservedCodeCacheSize                    = 251658240                              {pd product} {ergonomic}
     bool SegmentedCodeCache                       = true                                      {product} {ergonomic}
   size_t SoftMaxHeapSize                          = 4294967296                             {manageable} {ergonomic}
     bool UseCompressedOops                        = true                           {product lp64_product} {ergonomic}
     bool UseG1GC                                  = true                                      {product} {ergonomic}
     bool UseLargePagesIndividualAllocation        = false                                  {pd product} {ergonomic}

Logging:
Log output configuration:
 #0: stdout all=warning uptime,level,tags foldmultilines=false
 #1: stderr all=off uptime,level,tags foldmultilines=false

Release file:
JAVA_VERSION="21.0.10" 
MODULES="java.base java.compiler java.datatransfer java.xml java.prefs java.desktop java.instrument java.logging java.management java.security.sasl java.naming java.rmi java.management.rmi java.net.http java.scripting java.security.jgss java.transaction.xa java.sql java.sql.rowset java.xml.crypto java.se java.smartcardio jdk.accessibility jdk.internal.jvmstat jdk.attach jdk.charsets jdk.internal.opt jdk.zipfs jdk.compiler jdk.crypto.ec jdk.crypto.cryptoki jdk.dynalink jdk.hotspot.agent jdk.httpserver jdk.internal.ed jdk.internal.le jdk.internal.vm.ci jdk.jartool jdk.javadoc jdk.jcmd jdk.jdeps jdk.jdwp.agent jdk.jdi jdk.jfr jdk.jlink jdk.jsobject jdk.localedata jdk.management jdk.management.agent jdk.management.jfr jdk.naming.dns jdk.naming.rmi jdk.net jdk.sctp jdk.security.auth jdk.security.jgss jdk.unsupported jdk.unsupported.desktop jdk.xml.dom" 
IMPLEMENTOR="JetBrains s.r.o." 
JAVA_RUNTIME_VERSION="21.0.10+-14961533-b1163.108" 
LIBC="default" 
OS_ARCH="x86_64" 
OS_NAME="Windows" 
SOURCE=".:git:1351622c2ff2" 

Environment Variables:
PATH=C:\Program Files (x86)\VMware\VMware Workstation\bin\;C:\Windows\System32;C:\WINDOWS\system32;C:\WINDOWS;C:\WINDOWS\System32\Wbem;C:\WINDOWS\System32\WindowsPowerShell\v1.0\;C:\WINDOWS\System32\OpenSSH\;C:\Program Files\dotnet\;C:\Program Files\Docker\Docker\resources\bin;C:\Program Files\Git\cmd;C:\Program Files\nodejs\;C:\Program Files\eSpeak NG\;C:\Program Files\GitHub CLI\;C:\Users\yasin\.local\bin;C:\Users\yasin\AppData\Local\hermes\hermes-agent\venv\Scripts;C:\Users\yasin\AppData\Local\hermes\bin;C:\Users\yasin\AppData\Local\Programs\Python\Python313\Scripts\;C:\Users\yasin\AppData\Local\Programs\Python\Python313\;C:\Users\yasin\AppData\Local\Microsoft\WindowsApps;C:\xampp\php;C:\Users\yasin\AppData\Local\Programs\Microsoft VS Code\bin;C:\Users\yasin\AppData\Local\Programs\Python\Python313\Scripts;D:\aircrack-ng-1.7-win\aircrack-ng-1.7-win\bin;C:\Program Files (x86)\Nmap;C:\Users\yasin\AppData\Roaming\npm;C:\Users\yasin\AppData\Local\Microsoft\WinGet\Links;C:\Users\yasin\AppData\Local\Programs\Cua\cua-driver\bin
USERNAME=yasin
OS=Windows_NT
PROCESSOR_IDENTIFIER=Intel64 Family 6 Model 154 Stepping 4, GenuineIntel
TMP=C:\Users\yasin\AppData\Local\Temp
TEMP=C:\Users\yasin\AppData\Local\Temp




Periodic native trim disabled

JNI global refs:
JNI global refs: 56, weak refs: 171

JNI global refs memory usage: 835, weak refs: 2097

Process memory usage:
Resident Set Size: 1538632K (19% of 8066788K total physical memory with 497836K free physical memory)

OOME stack traces (most recent first):
Classloader memory used:
Loader org.gradle.internal.classloader.VisitableURLClassLoader                         : 122M
Loader org.gradle.internal.classloader.VisitableURLClassLoader$InstrumentingVisitableURLClassLoader: 77169K
Loader java.net.URLClassLoader                                                         : 65029K
Loader bootstrap                                                                       : 38104K
Loader org.gradle.initialization.MixInLegacyTypesClassLoader                           : 19457K
Loader org.gradle.internal.classloader.VisitableURLClassLoader                         : 9029K
Loader jdk.internal.loader.ClassLoaders$AppClassLoader                                 : 7215K
Loader jdk.internal.reflect.DelegatingClassLoader                                      : 2422K
Loader jdk.internal.jrtfs.JrtFileSystemProvider$JrtFsLoader                            : 931K
Loader jdk.internal.loader.ClassLoaders$PlatformClassLoader                            : 838K
Loader org.gradle.groovy.scripts.internal.DefaultScriptCompilationHandler$ScriptClassLoader: 618K
Loader sun.reflect.misc.MethodUtil                                                     : 2984B

Classes loaded by more than one classloader:
Class com.intellij.gradle.toolingExtension.util.GradleVersionUtil                     : loaded 9 times (x 71B)
Class com.google.common.collect.AbstractIndexedListIterator                           : loaded 7 times (x 96B)
Class com.google.common.collect.Lists$StringAsImmutableList                           : loaded 7 times (x 207B)
Class com.google.common.collect.Iterators                                             : loaded 7 times (x 71B)
Class com.google.common.collect.Lists                                                 : loaded 7 times (x 71B)
Class com.google.common.collect.Iterators$SingletonIterator                           : loaded 7 times (x 81B)
Class com.google.common.collect.Iterators$9                                           : loaded 7 times (x 81B)
Class com.google.common.collect.AbstractIterator                                      : loaded 7 times (x 82B)
Class com.google.common.collect.UnmodifiableIterator                                  : loaded 7 times (x 80B)
Class com.google.common.collect.Iterators$ArrayItr                                    : loaded 7 times (x 97B)
Class com.google.common.base.Preconditions                                            : loaded 7 times (x 71B)
Class com.google.common.collect.Iterators$MergingIterator                             : loaded 7 times (x 81B)
Class com.google.common.collect.PeekingIterator                                       : loaded 7 times (x 70B)
Class com.google.common.collect.ImmutableCollection                                   : loaded 7 times (x 125B)
Class com.google.common.collect.Iterators$5                                           : loaded 7 times (x 82B)
Class com.google.common.collect.Iterators$4                                           : loaded 7 times (x 82B)
Class Program                                                                         : loaded 7 times (x 72B)
Class com.google.common.collect.ImmutableList                                         : loaded 7 times (x 206B)
Class com.google.common.collect.Iterators$1                                           : loaded 7 times (x 81B)
Class com.google.common.collect.UnmodifiableListIterator                              : loaded 7 times (x 95B)
Class com.google.common.base.Objects                                                  : loaded 6 times (x 71B)
Class com.google.common.collect.Multimap                                              : loaded 6 times (x 70B)
Class com.google.common.base.ExtraObjectsMethodsForWeb                                : loaded 6 times (x 71B)
Class com.intellij.util.containers.IntObjectHashMap                                   : loaded 5 times (x 72B)
Class org.jetbrains.plugins.gradle.model.ExternalDependency                           : loaded 5 times (x 70B)
Class com.google.gson.internal.bind.TypeAdapters$10                                   : loaded 5 times (x 75B)
Class com.google.gson.internal.bind.ReflectiveTypeAdapterFactory$Adapter              : loaded 5 times (x 77B)
Class com.amazon.ion.impl.bin.IonManagedBinaryWriter$SymbolState$1                    : loaded 5 times (x 80B)
Class com.android.ide.gradle.model.LegacyAndroidGradlePluginProperties                : loaded 5 times (x 70B)
Class com.amazon.ion.impl.LocalSymbolTableAsStruct$Factory                            : loaded 5 times (x 79B)
Class org.jetbrains.plugins.gradle.tooling.serialization.SerializationService         : loaded 5 times (x 70B)
Class com.amazon.ion.impl.LocalSymbolTable                                            : loaded 5 times (x 127B)
Class com.amazon.ion.impl.lite.IonBlobLite                                            : loaded 5 times (x 220B)
Class com.amazon.ion.impl.bin.IonManagedBinaryWriter$UserState$2                      : loaded 5 times (x 85B)
Class com.amazon.ion.impl._Private_IonValue                                           : loaded 5 times (x 70B)
Class [Lcom.amazon.ion.IonType;                                                       : loaded 5 times (x 69B)
Class com.intellij.gradle.toolingExtension.impl.model.sourceSetModel.GradleSourceSetSerialisationService$Companion: loaded 5 times (x 71B)
Class org.jetbrains.plugins.gradle.model.VersionCatalogsModel                         : loaded 5 times (x 70B)
Class com.amazon.ion.impl.bin.IonManagedBinaryWriter$SymbolState                      : loaded 5 times (x 80B)
Class com.google.gson.internal.bind.TypeAdapters$9                                    : loaded 5 times (x 75B)
Class org.jetbrains.plugins.gradle.tooling.serialization.GradleExtensionsSerializationService$ReadContext: loaded 5 times (x 72B)
Class com.amazon.ion.IonList                                                          : loaded 5 times (x 70B)
Class io.opentelemetry.api.trace.DefaultTracer                                        : loaded 5 times (x 74B)
Class com.amazon.ion.IonStruct                                                        : loaded 5 times (x 70B)
Class com.amazon.ion.impl.lite.ContainerlessContext                                   : loaded 5 times (x 80B)
Class ijInit2_avhd5p5ckynp8scw2z7hkw16u$_run_closure1                                 : loaded 5 times (x 140B)
Class org.jetbrains.plugins.gradle.model.IntelliJProjectSettings                      : loaded 5 times (x 70B)
Class com.google.gson.JsonObject                                                      : loaded 5 times (x 93B)
Class com.amazon.ion.impl.bin.IonManagedBinaryWriter$UserState$3                      : loaded 5 times (x 85B)
Class com.amazon.ion.util.GzipStreamInterceptor                                       : loaded 5 times (x 85B)
Class com.amazon.ion.IonException                                                     : loaded 5 times (x 84B)
Class [Lio.opentelemetry.api.trace.ImmutableTraceFlags;                               : loaded 5 times (x 69B)
Class org.jetbrains.plugins.gradle.tooling.util.IntObjectMap$ObjectFactory            : loaded 5 times (x 70B)
Class io.opentelemetry.context.Context                                                : loaded 5 times (x 70B)
Class ijKotlinCoroutineJvmDebugInit1_1wsnntnieh69mfc0rt7hzdn7j$_run_closure1          : loaded 5 times (x 139B)
Class com.google.gson.internal.ConstructorConstructor                                 : loaded 5 times (x 72B)
Class com.google.gson.Gson$4                                                          : loaded 5 times (x 76B)
Class com.google.gson.internal.bind.DefaultDateTypeAdapter$1                          : loaded 5 times (x 75B)
Class org.jetbrains.plugins.gradle.tooling.serialization.internal.adapter.Supplier    : loaded 5 times (x 70B)
Class org.jetbrains.plugins.gradle.model.GradleBuildScriptClasspathModel              : loaded 5 times (x 70B)
Class com.google.gson.reflect.TypeToken                                               : loaded 5 times (x 75B)
Class com.google.gson.ReflectionAccessFilter$FilterResult                             : loaded 5 times (x 79B)
Class com.intellij.gradle.toolingExtension.impl.model.sourceSetModel.GradleSourceSetSerialisationService$SourceSetModelWriteContext: loaded 5 times (x 72B)
Class com.intellij.gradle.toolingExtension.impl.model.sourceSetDependencyModel.GradleSourceSetDependencySerialisationService$SourceSetDependencyModelReadContext: loaded 5 times (x 72B)
Class com.google.gson.stream.MalformedJsonException                                   : loaded 5 times (x 82B)
Class [Lcom.google.gson.Strictness;                                                   : loaded 5 times (x 69B)
Class org.jetbrains.plugins.gradle.model.UnresolvedExternalDependency                 : loaded 5 times (x 70B)
Class [Lio.opentelemetry.context.ThreadLocalContextStorage;                           : loaded 5 times (x 69B)
Class com.amazon.ion.impl.bin.IonManagedBinaryWriter$UserState$4                      : loaded 5 times (x 85B)
Class com.amazon.ion.system.IonBinaryWriterBuilder                                    : loaded 5 times (x 99B)
Class io.opentelemetry.context.ContextStorageProvider                                 : loaded 5 times (x 70B)
Class org.jetbrains.plugins.gradle.model.AnnotationProcessingModel                    : loaded 5 times (x 70B)
Class org.jetbrains.plugins.gradle.model.GradleExtensions                             : loaded 5 times (x 70B)
Class com.amazon.ion.UnknownSymbolException                                           : loaded 5 times (x 86B)
Class com.google.gson.internal.sql.SqlDateTypeAdapter$1                               : loaded 5 times (x 75B)
Class io.opentelemetry.api.internal.ImmutableSpanContext                              : loaded 5 times (x 91B)
Class com.google.gson.Gson$3                                                          : loaded 5 times (x 75B)
Class com.google.gson.internal.bind.ReflectiveTypeAdapterFactory$BoundField           : loaded 5 times (x 75B)
Class com.android.ide.gradle.model.composites.BuildMap                                : loaded 5 times (x 70B)
Class com.intellij.gradle.toolingExtension.impl.model.dependencyModel.DependencyReadContext: loaded 5 times (x 72B)
Class com.google.gson.Gson$5                                                          : loaded 5 times (x 76B)
Class org.jetbrains.plugins.gradle.tooling.util.IntObjectMap$1                        : loaded 5 times (x 77B)
Class com.google.gson.LongSerializationPolicy$1                                       : loaded 5 times (x 80B)
Class gnu.trove.TObjectIntProcedure                                                   : loaded 5 times (x 70B)
Class com.intellij.gradle.toolingExtension.impl.model.sourceSetModel.GradleSourceSetSerialisationService$SourceSetModelReadContext: loaded 5 times (x 72B)
Class com.google.gson.internal.sql.SqlTimestampTypeAdapter$1                          : loaded 5 times (x 75B)
Class com.google.gson.internal.bind.TypeAdapters$30                                   : loaded 5 times (x 76B)
Class com.google.gson.internal.bind.JsonTreeReader                                    : loaded 5 times (x 98B)
Class com.google.gson.TypeAdapterFactory                                              : loaded 5 times (x 70B)
Class com.intellij.util.ThrowableConsumer                                             : loaded 5 times (x 70B)
Class io.opentelemetry.api.internal.OtelEncodingUtils                                 : loaded 5 times (x 71B)
Class com.google.gson.JsonPrimitive                                                   : loaded 5 times (x 93B)
Class gnu.trove.PrimeFinder                                                           : loaded 5 times (x 71B)
Class com.intellij.gradle.toolingExtension.impl.model.utilTurnOffDefaultTasksModel.TurnOffDefaultTasks: loaded 5 times (x 70B)
Class io.opentelemetry.api.trace.TraceId                                              : loaded 5 times (x 71B)
Class com.amazon.ion.IonCatalog                                                       : loaded 5 times (x 70B)
Class com.amazon.ion.UnexpectedEofException                                           : loaded 5 times (x 84B)
Class com.amazon.ion.system.IonSystemBuilder                                          : loaded 5 times (x 75B)
Class com.amazon.ion.impl._Private_IonWriterBase                                      : loaded 5 times (x 162B)
Class [Lcom.amazon.ion.impl.bin.IonManagedBinaryWriter$SymbolState;                   : loaded 5 times (x 69B)
Class com.google.gson.Gson$2                                                          : loaded 5 times (x 76B)
Class io.opentelemetry.context.ThreadLocalContextStorage                              : loaded 5 times (x 85B)
Class org.jetbrains.plugins.gradle.tooling.serialization.internal.IdeaProjectSerializationService$WriteContext$8: loaded 5 times (x 83B)
Class com.amazon.ion.impl.bin.IonManagedBinaryWriter                                  : loaded 5 times (x 165B)
Class com.amazon.ion.impl.bin.WriteBuffer                                             : loaded 5 times (x 78B)
Class com.google.gson.internal.bind.JsonAdapterAnnotationTypeAdapterFactory$DummyTypeAdapterFactory: loaded 5 times (x 75B)
Class com.google.gson.internal.bind.TypeAdapters$31                                   : loaded 5 times (x 76B)
Class com.google.gson.JsonSyntaxException                                             : loaded 5 times (x 82B)
Class org.jetbrains.kotlin.idea.gradleTooling.AndroidAwareGradleModelProvider$Companion: loaded 5 times (x 71B)
Class com.amazon.ion.impl.bin.IonRawBinaryWriter$ThrowingRunnable                     : loaded 5 times (x 70B)
Class [Lcom.amazon.ion.impl.bin.IonRawBinaryWriter$StreamCloseMode;                   : loaded 5 times (x 69B)
Class com.amazon.ion.impl.lite.IonSymbolLite                                          : loaded 5 times (x 247B)
Class com.amazon.ion.impl.bin.IonManagedBinaryWriter$LocalSymbolTableView             : loaded 5 times (x 119B)
Class com.amazon.ion.impl.bin.IonManagedBinaryWriter$ImportedSymbolResolverMode$1     : loaded 5 times (x 80B)
Class io.opentelemetry.api.GlobalOpenTelemetry                                        : loaded 5 times (x 71B)
Class com.intellij.util.containers.IntObjectHashMap$ArrayProducer                     : loaded 5 times (x 70B)
Class com.google.gson.internal.sql.SqlTimestampTypeAdapter                            : loaded 5 times (x 76B)
Class com.google.gson.internal.bind.ReflectiveTypeAdapterFactory                      : loaded 5 times (x 75B)
Class com.amazon.ion.impl.IonWriterSystemTextMarkup                                   : loaded 5 times (x 192B)
Class com.amazon.ion.impl.bin.BlockAllocator                                          : loaded 5 times (x 80B)
Class com.intellij.gradle.toolingExtension.impl.model.taskModel.GradleTaskSerialisationService$Companion: loaded 5 times (x 71B)
Class org.jetbrains.plugins.gradle.tooling.serialization.GradleExtensionsSerializationService$WriteContext: loaded 5 times (x 72B)
Class org.jetbrains.plugins.gradle.javaModel.JavaGradleManifestModel                  : loaded 5 times (x 70B)
Class com.amazon.ion.SymbolTable                                                      : loaded 5 times (x 70B)
Class com.amazon.ion.impl.bin.IonManagedBinaryWriter$ImportDescriptor                 : loaded 5 times (x 76B)
Class com.google.gson.Gson$1                                                          : loaded 5 times (x 76B)
Class com.google.gson.internal.bind.TypeAdapters$8                                    : loaded 5 times (x 75B)
Class ijJvmDebugger1_4b5r85er2hzpqckrke094c03f                                        : loaded 5 times (x 171B)
Class com.google.gson.internal.bind.TypeAdapters$32                                   : loaded 5 times (x 76B)
Class org.jetbrains.plugins.gradle.tooling.serialization.ExternalTestsSerializationService$WriteContext: loaded 5 times (x 72B)
Class com.amazon.ion.impl.bin.IonManagedBinaryWriter$ImportedSymbolResolverMode$2     : loaded 5 times (x 80B)
Class io.opentelemetry.context.Scope                                                  : loaded 5 times (x 70B)
Class com.intellij.platform.diagnostic.telemetry.rt.context.TelemetryContext          : loaded 5 times (x 134B)
Class [Lio.opentelemetry.context.ContextStorage;                                      : loaded 5 times (x 69B)
Class com.google.gson.internal.bind.CollectionTypeAdapterFactory$Adapter              : loaded 5 times (x 74B)
Class [Lio.opentelemetry.api.trace.TraceFlags;                                        : loaded 5 times (x 69B)
Class com.amazon.ion.IonSystem                                                        : loaded 5 times (x 70B)
Class com.amazon.ion.impl.bin.IonManagedBinaryWriter$ImportedSymbolContext            : loaded 5 times (x 72B)
Class org.jetbrains.kotlin.idea.gradleTooling.KotlinGradleModel                       : loaded 5 times (x 70B)
Class com.amazon.ion.impl.bin.IonManagedBinaryWriter$SymbolResolverBuilder            : loaded 5 times (x 70B)
Class com.amazon.ion.system.IonSystemBuilder$Mutable                                  : loaded 5 times (x 75B)
Class com.google.gson.internal.bind.TypeAdapters$12                                   : loaded 5 times (x 75B)
Class [Lcom.google.gson.ToNumberStrategy;                                             : loaded 5 times (x 69B)
Class io.opentelemetry.api.trace.SpanContextKey                                       : loaded 5 times (x 71B)
Class ijJvmDebugger1_4b5r85er2hzpqckrke094c03f$_run_closure1$_closure2                : loaded 5 times (x 140B)
Class org.jetbrains.plugins.gradle.model.ProjectImportModelProvider                   : loaded 5 times (x 70B)
Class org.jetbrains.kotlin.idea.projectModel.KotlinTaskProperties                     : loaded 5 times (x 70B)
Class com.google.gson.internal.bind.ObjectTypeAdapter                                 : loaded 5 times (x 74B)
Class org.jetbrains.plugins.gradle.model.ExternalSourceSet                            : loaded 5 times (x 70B)
Class org.jetbrains.plugins.gradle.tooling.serialization.internal.IdeaProjectSerializationService: loaded 5 times (x 77B)
Class com.amazon.ion.SubstituteSymbolTableException                                   : loaded 5 times (x 84B)
Class com.amazon.ion.impl.SymbolTokenImpl                                             : loaded 5 times (x 81B)
Class com.amazon.ion.IonText                                                          : loaded 5 times (x 70B)
Class com.amazon.ion.impl.bin.utf8.Pool$Allocator                                     : loaded 5 times (x 70B)
Class com.amazon.ion.impl.bin.utf8.Utf8StringEncoder$Result                           : loaded 5 times (x 74B)
Class com.google.gson.Gson                                                            : loaded 5 times (x 72B)
Class [Lcom.google.gson.ReflectionAccessFilter$FilterResult;                          : loaded 5 times (x 69B)
Class com.amazon.ion.impl.lite.IonSystemLite                                          : loaded 5 times (x 275B)
Class com.amazon.ion.util.InputStreamInterceptor                                      : loaded 5 times (x 70B)
Class com.amazon.ion.impl.bin.IonRawBinaryWriter$PreallocationMode                    : loaded 5 times (x 82B)
Class com.amazon.ion.impl.bin._Private_IonRawWriter                                   : loaded 5 times (x 70B)
Class com.amazon.ion.IonWriter                                                        : loaded 5 times (x 70B)
Class com.google.gson.JsonElement                                                     : loaded 5 times (x 92B)
Class com.amazon.ion.impl.bin.IonManagedBinaryWriter$SymbolState$2                    : loaded 5 times (x 80B)
Class com.google.gson.internal.sql.SqlTypesSupport                                    : loaded 5 times (x 71B)
Class com.amazon.ion.system.IonWriterBuilderBase                                      : loaded 5 times (x 83B)
Class io.opentelemetry.api.trace.Tracer                                               : loaded 5 times (x 70B)
Class org.jetbrains.plugins.gradle.tooling.serialization.internal.IdeaProjectSerializationService$WriteContext$7: loaded 5 times (x 83B)
Class org.jetbrains.plugins.gradle.model.RepositoryModels                             : loaded 5 times (x 70B)
Class com.amazon.ion.IonSexp                                                          : loaded 5 times (x 70B)
Class [Lcom.amazon.ion.impl.bin.IonRawBinaryWriter$ContainerType;                     : loaded 5 times (x 69B)
Class com.google.gson.ToNumberPolicy$4                                                : loaded 5 times (x 83B)
Class org.jetbrains.plugins.gradle.tooling.serialization.KotlinDslScriptsModelSerializationService: loaded 5 times (x 81B)
Class Build_gradle                                                                    : loaded 5 times (x 126B)
Class com.amazon.ion.IonBufferConfiguration$Builder                                   : loaded 5 times (x 78B)
Class com.amazon.ion.impl.lite.IonDecimalLite                                         : loaded 5 times (x 189B)
Class ijJvmDebugger1_4b5r85er2hzpqckrke094c03f$_run_closure1                          : loaded 5 times (x 139B)
Class com.google.gson.internal.bind.TypeAdapters                                      : loaded 5 times (x 71B)
Class com.google.gson.FormattingStyle                                                 : loaded 5 times (x 78B)
Class com.google.gson.FieldNamingPolicy                                               : loaded 5 times (x 85B)
Class org.jetbrains.plugins.gradle.model.ExternalProjectDependency                    : loaded 5 times (x 70B)
Class com.amazon.ion.IonNull                                                          : loaded 5 times (x 70B)
Class com.amazon.ion.impl._Private_IonContainer                                       : loaded 5 times (x 70B)
Class com.intellij.gradle.toolingExtension.impl.model.buildScriptClasspathModel.GradleBuildScriptClasspathSerializationService$ReadContext: loaded 5 times (x 72B)
Class com.google.gson.ToNumberPolicy$3                                                : loaded 5 times (x 83B)
Class com.google.gson.internal.bind.ReflectiveTypeAdapterFactory$FieldsData           : loaded 5 times (x 72B)
Class org.jetbrains.plugins.gradle.model.GradleExtension                              : loaded 5 times (x 70B)
Class com.amazon.ion.impl.lite.ValueFactoryLite                                       : loaded 5 times (x 218B)
Class com.intellij.gradle.toolingExtension.impl.model.warmUp.GradleTaskWarmUpRequest  : loaded 5 times (x 70B)
Class com.intellij.gradle.toolingExtension.impl.model.taskModel.GradleTaskSerialisationService: loaded 5 times (x 76B)
Class com.amazon.ion.impl.bin.IonRawBinaryWriter$PreallocationMode$3                  : loaded 5 times (x 82B)
Class io.opentelemetry.context.ArrayBasedContext                                      : loaded 5 times (x 100B)
Class com.google.gson.ToNumberPolicy$2                                                : loaded 5 times (x 83B)
Class com.google.gson.internal.reflect.ReflectionHelper$RecordHelper                  : loaded 5 times (x 75B)
Class com.amazon.ion.system.SimpleCatalog                                             : loaded 5 times (x 91B)
Class com.google.gson.internal.ReflectionAccessFilterHelper                           : loaded 5 times (x 71B)
Class com.google.gson.internal.bind.TypeAdapters$7                                    : loaded 5 times (x 75B)
Class com.google.gson.annotations.SerializedName                                      : loaded 5 times (x 70B)
Class com.google.gson.internal.bind.CollectionTypeAdapterFactory                      : loaded 5 times (x 75B)
Class com.google.gson.JsonArray                                                       : loaded 5 times (x 100B)
Class com.google.gson.FieldNamingStrategy                                             : loaded 5 times (x 70B)
Class io.opentelemetry.api.trace.ArrayBasedTraceState                                 : loaded 5 times (x 86B)
Class io.opentelemetry.context.ContextKey                                             : loaded 5 times (x 70B)
Class com.amazon.ion.impl.SharedSymbolTable                                           : loaded 5 times (x 93B)
Class com.amazon.ion.impl.bin.IonRawBinaryWriter                                      : loaded 5 times (x 168B)
Class io.opentelemetry.context.propagation.TextMapSetter                              : loaded 5 times (x 70B)
Class com.amazon.ion.SymbolToken                                                      : loaded 5 times (x 70B)
Class com.amazon.ion.ReadOnlyValueException                                           : loaded 5 times (x 84B)
Class io.opentelemetry.api.trace.ImmutableTraceFlags                                  : loaded 5 times (x 77B)
Class com.android.ide.gradle.model.GradlePluginModel                                  : loaded 5 times (x 70B)
Class org.jetbrains.kotlin.tooling.core.KotlinToolingVersionKt                        : loaded 5 times (x 71B)
Class org.jetbrains.kotlin.idea.gradleTooling.PrepareKotlinIdeImportTaskModel         : loaded 5 times (x 70B)
Class com.amazon.ion.impl.bin.IonRawBinaryWriter$PreallocationMode$2                  : loaded 5 times (x 82B)
Class com.amazon.ion.IonInt                                                           : loaded 5 times (x 70B)
Class [Lcom.amazon.ion.SymbolToken;                                                   : loaded 5 times (x 69B)
Class com.google.gson.internal.Excluder                                               : loaded 5 times (x 75B)
Class [Lcom.google.gson.FieldNamingStrategy;                                          : loaded 5 times (x 69B)
Class com.google.gson.ToNumberPolicy$1                                                : loaded 5 times (x 83B)
Class com.google.gson.internal.bind.JsonTreeWriter                                    : loaded 5 times (x 98B)
Class com.intellij.gradle.toolingExtension.impl.model.sourceSetModel.GradleSourceSetSerialisationService: loaded 5 times (x 77B)
Class com.intellij.gradle.toolingExtension.impl.model.dependencyDownloadPolicyModel.GradleDependencyDownloadPolicy: loaded 5 times (x 70B)
Class com.google.gson.internal.bind.ArrayTypeAdapter$1                                : loaded 5 times (x 75B)
Class com.amazon.ion.BufferConfiguration                                              : loaded 5 times (x 72B)
Class io.opentelemetry.context.propagation.ContextPropagators                         : loaded 5 times (x 70B)
Class org.jetbrains.kotlin.idea.gradleTooling.KotlinMPPGradleModel                    : loaded 5 times (x 70B)
Class com.google.gson.internal.bind.TypeAdapters$13                                   : loaded 5 times (x 75B)
Class com.amazon.ion.impl.bin.IonRawBinaryWriter$ContainerInfo                        : loaded 5 times (x 74B)
Class com.amazon.ion.impl.lite.IonBoolLite                                            : loaded 5 times (x 179B)
Class [Lcom.amazon.ion.impl.bin._Private_IonManagedBinaryWriterBuilder$AllocatorMode; : loaded 5 times (x 69B)
Class com.amazon.ion.impl.bin.IonRawBinaryWriter$PreallocationMode$1                  : loaded 5 times (x 82B)
Class com.amazon.ion.impl._Private_ValueFactory                                       : loaded 5 times (x 70B)
Class com.amazon.ion.impl.lite.IonClobLite                                            : loaded 5 times (x 221B)
Class com.google.gson.internal.bind.NumberTypeAdapter                                 : loaded 5 times (x 74B)
Class com.amazon.ion.impl.lite.IonIntLite                                             : loaded 5 times (x 190B)
Class com.amazon.ion.impl._Private_IonReaderBuilder$TwoElementInputStream             : loaded 5 times (x 92B)
Class com.amazon.ion.impl.bin.IonManagedBinaryWriter$SymbolState$3                    : loaded 5 times (x 80B)
Class gnu.trove.TObjectIntHashMap                                                     : loaded 5 times (x 109B)
Class com.intellij.gradle.toolingExtension.impl.model.projectModel.GradleExternalProjectSerializationService$WriteContext: loaded 5 times (x 73B)
Class org.jetbrains.kotlin.idea.gradleTooling.model.kapt.KaptGradleModel              : loaded 5 times (x 70B)
Class com.amazon.ion.impl.bin._Private_IonManagedBinaryWriterBuilder                  : loaded 5 times (x 72B)
Class org.jetbrains.kotlin.idea.gradleTooling.KotlinDslScriptAdditionalTask           : loaded 5 times (x 70B)
Class org.jetbrains.plugins.gradle.model.ClasspathEntryModel                          : loaded 5 times (x 70B)
Class com.amazon.ion.impl._Private_IonWriter                                          : loaded 5 times (x 70B)
Class ijInit2_avhd5p5ckynp8scw2z7hkw16u                                               : loaded 5 times (x 171B)
Class [Lcom.intellij.openapi.externalSystem.model.project.dependencies.ResolutionState;: loaded 5 times (x 69B)
Class org.jetbrains.plugins.gradle.model.DependencyAccessorsModel                     : loaded 5 times (x 70B)
Class com.amazon.ion.impl.lite.IonNullLite                                            : loaded 5 times (x 176B)
Class com.google.gson.internal.bind.JsonAdapterAnnotationTypeAdapterFactory           : loaded 5 times (x 75B)
Class com.amazon.ion.impl.bin.IonManagedBinaryWriter$UserState                        : loaded 5 times (x 85B)
Class com.amazon.ion.util._Private_FastAppendable                                     : loaded 5 times (x 70B)
Class [Lcom.amazon.ion.impl.bin.IonRawBinaryWriter$PreallocationMode;                 : loaded 5 times (x 69B)
Class io.opentelemetry.context.propagation.TextMapGetter                              : loaded 5 times (x 70B)
Class org.jetbrains.plugins.gradle.tooling.util.IntObjectMap                          : loaded 5 times (x 73B)
Class org.jetbrains.plugins.gradle.tooling.serialization.internal.IdeaProjectSerializationService$WriteContext$6: loaded 5 times (x 83B)
Class com.amazon.ion.impl._Private_LocalSymbolTable                                   : loaded 5 times (x 70B)
Class com.amazon.ion.impl.bin.IonRawBinaryWriter$StreamFlushMode                      : loaded 5 times (x 79B)
Class org.jetbrains.plugins.gradle.tooling.serialization.AnnotationProcessingModelSerializationService: loaded 5 times (x 77B)
Class com.amazon.ion.impl._Private_LocalSymbolTableFactory                            : loaded 5 times (x 70B)
Class org.jetbrains.plugins.gradle.tooling.serialization.internal.IdeaProjectSerializationService$ReadContext: loaded 5 times (x 72B)
Class com.amazon.ion.IonTimestamp                                                     : loaded 5 times (x 70B)
Class com.amazon.ion.impl.bin.PooledBlockAllocatorProvider$PooledBlockAllocator       : loaded 5 times (x 81B)
Class com.amazon.ion.impl.bin.IonBinaryWriterAdapter$Factory                          : loaded 5 times (x 70B)
Class com.intellij.platform.diagnostic.telemetry.rt.context.TelemetryContextGetter    : loaded 5 times (x 75B)
Class org.jetbrains.plugins.gradle.tooling.serialization.GradleExtensionsSerializationService: loaded 5 times (x 77B)
Class com.amazon.ion.impl.BlockedBuffer$BufferedOutputStream                          : loaded 5 times (x 90B)
Class com.amazon.ion.impl.bin.IonManagedBinaryWriter$ImportedSymbolResolverMode$1$1$1 : loaded 5 times (x 76B)
Class com.amazon.ion.system.IonTextWriterBuilder                                      : loaded 5 times (x 98B)
Class com.google.gson.internal.reflect.ReflectionHelper$RecordSupportedHelper         : loaded 5 times (x 78B)
Class com.amazon.ion.IonBinaryWriter                                                  : loaded 5 times (x 70B)
Class com.intellij.gradle.toolingExtension.impl.model.sourceSetArtifactIndex.GradleSourceSetArtifactBuildRequest: loaded 5 times (x 70B)
Class org.jetbrains.plugins.gradle.tooling.serialization.ExternalTestsSerializationService$ReadContext: loaded 5 times (x 72B)
Class ijKotlinCoroutineJvmDebugInit1_1wsnntnieh69mfc0rt7hzdn7j$_run_closure1$_closure2: loaded 5 times (x 139B)
Class com.amazon.ion.IonType                                                          : loaded 5 times (x 79B)
Class com.amazon.ion.impl.lite._Private_LiteDomTrampoline                             : loaded 5 times (x 71B)
Class com.amazon.ion.impl.bin.IntList                                                 : loaded 5 times (x 77B)
Class com.amazon.ion.impl.bin.IonManagedBinaryWriter$UserState$1                      : loaded 5 times (x 85B)
Class com.google.gson.internal.bind.TypeAdapters$6                                    : loaded 5 times (x 75B)
Class com.google.gson.internal.bind.TypeAdapters$19                                   : loaded 5 times (x 75B)
Class com.google.gson.internal.bind.ReflectiveTypeAdapterFactory$FieldReflectionAdapter: loaded 5 times (x 77B)
Class com.android.ide.gradle.model.LegacyV1AgpVersionModel                            : loaded 5 times (x 70B)
Class org.jetbrains.plugins.gradle.model.GradleSourceSetDependencyModel               : loaded 5 times (x 70B)
Class com.amazon.ion.IonDatagram                                                      : loaded 5 times (x 70B)
Class com.amazon.ion.impl.bin.IonManagedBinaryWriter$ImportedSymbolResolverMode$1$1   : loaded 5 times (x 78B)
Class com.amazon.ion.impl._Private_ByteTransferSink                                   : loaded 5 times (x 70B)
Class com.google.gson.internal.bind.TreeTypeAdapter                                   : loaded 5 times (x 75B)
Class com.intellij.openapi.externalSystem.model.project.dependencies.ResolutionState  : loaded 5 times (x 79B)
Class [Lcom.google.gson.FieldNamingPolicy;                                            : loaded 5 times (x 69B)
Class org.jetbrains.plugins.gradle.tooling.serialization.ExternalTestsSerializationService: loaded 5 times (x 77B)
Class io.opentelemetry.api.trace.TraceFlags                                           : loaded 5 times (x 70B)
Class com.amazon.ion.IonLob                                                           : loaded 5 times (x 70B)
Class com.amazon.ion.IonBlob                                                          : loaded 5 times (x 70B)
Class com.amazon.ion.IonSequence                                                      : loaded 5 times (x 70B)
Class com.amazon.ion.impl.bin.IonRawBinaryWriter$PatchPoint                           : loaded 5 times (x 72B)
Class com.google.gson.internal.sql.SqlTimeTypeAdapter                                 : loaded 5 times (x 74B)
Class com.google.gson.stream.JsonReader                                               : loaded 5 times (x 97B)
Class org.jetbrains.plugins.gradle.tooling.serialization.RepositoriesModelSerializationService$ReadContext: loaded 5 times (x 72B)
Class io.opentelemetry.api.internal.AutoValue_ImmutableSpanContext                    : loaded 5 times (x 92B)
Class com.google.gson.internal.bind.TypeAdapters$11                                   : loaded 5 times (x 75B)
Class [Lcom.amazon.ion.impl.bin.AbstractIonWriter$WriteValueOptimization;             : loaded 5 times (x 69B)
Class io.opentelemetry.context.propagation.TextMapPropagator                          : loaded 5 times (x 70B)
Class com.amazon.ion.impl.bin.AbstractIonWriter$WriteValueOptimization                : loaded 5 times (x 79B)
Class com.google.gson.LongSerializationPolicy                                         : loaded 5 times (x 80B)
Class org.jetbrains.plugins.gradle.model.ExternalLibraryDependency                    : loaded 5 times (x 70B)
Class com.amazon.ion.IonString                                                        : loaded 5 times (x 70B)
Class com.google.gson.internal.sql.SqlDateTypeAdapter                                 : loaded 5 times (x 74B)
Class com.google.gson.internal.bind.TypeAdapters$20                                   : loaded 5 times (x 75B)
Class com.google.gson.internal.bind.ObjectTypeAdapter$1                               : loaded 5 times (x 76B)
Class com.intellij.gradle.toolingExtension.impl.model.projectModel.GradleExternalProjectSerializationService: loaded 5 times (x 77B)
Class io.opentelemetry.api.trace.PropagatedSpan                                       : loaded 5 times (x 112B)
Class com.amazon.ion.impl._Private_IonBinaryWriterBuilder$Mutable                     : loaded 5 times (x 115B)
Class com.intellij.gradle.toolingExtension.impl.model.sourceSetDependencyModel.GradleSourceSetDependencySerialisationService$SourceSetDependencyModelWriteContext: loaded 5 times (x 72B)
Class com.amazon.ion.impl.bin.IonRawBinaryWriter$StreamCloseMode                      : loaded 5 times (x 79B)
Class org.jetbrains.plugins.gradle.tooling.serialization.internal.IdeaProjectSerializationService$WriteContext$5: loaded 5 times (x 83B)
Class io.opentelemetry.context.ContextStorage                                         : loaded 5 times (x 70B)
Class com.google.gson.internal.LazilyParsedNumber                                     : loaded 5 times (x 78B)
Class com.intellij.gradle.toolingExtension.util.GradleVersionSpecificsUtil            : loaded 5 times (x 71B)
Class com.amazon.ion.BufferConfiguration$Builder                                      : loaded 5 times (x 78B)
Class com.amazon.ion.impl.bin.BlockAllocatorProvider                                  : loaded 5 times (x 72B)
Class io.opentelemetry.api.trace.ArrayBasedTraceStateBuilder                          : loaded 5 times (x 77B)
Class org.jetbrains.plugins.gradle.tooling.serialization.internal.IdeaProjectSerializationService$WriteContext: loaded 5 times (x 72B)
Class org.jetbrains.plugins.gradle.tooling.serialization.RepositoriesModelSerializationService: loaded 5 times (x 82B)
Class com.amazon.ion.IonValue                                                         : loaded 5 times (x 70B)
Class com.google.gson.Gson$FutureTypeAdapter                                          : loaded 5 times (x 76B)
Class com.google.gson.internal.Streams                                                : loaded 5 times (x 71B)
Class com.google.gson.internal.bind.TypeAdapters$5                                    : loaded 5 times (x 75B)
Class com.google.gson.internal.bind.TypeAdapters$18                                   : loaded 5 times (x 75B)
Class com.google.gson.internal.bind.SerializationDelegatingTypeAdapter                : loaded 5 times (x 74B)
Class com.google.gson.annotations.JsonAdapter                                         : loaded 5 times (x 70B)
Class [Lorg.jetbrains.kotlin.tooling.core.KotlinToolingVersion$Maturity;              : loaded 5 times (x 69B)
Class com.amazon.ion.impl.bin.Symbols                                                 : loaded 5 times (x 71B)
Class com.amazon.ion.impl.lite.IonSexpLite                                            : loaded 5 times (x 491B)
Class com.amazon.ion.impl.lite.IonListLite                                            : loaded 5 times (x 491B)
Class com.amazon.ion.IonFloat                                                         : loaded 5 times (x 70B)
Class org.jetbrains.plugins.gradle.model.tests.ExternalTestsModel                     : loaded 5 times (x 70B)
Class io.opentelemetry.api.OpenTelemetry                                              : loaded 5 times (x 70B)
Class com.amazon.ion.IonBufferConfiguration                                           : loaded 5 times (x 72B)
Class io.opentelemetry.context.ThreadLocalContextStorage$ScopeImpl                    : loaded 5 times (x 79B)
Class com.google.gson.internal.bind.DefaultDateTypeAdapter                            : loaded 5 times (x 74B)
Class com.google.gson.GsonBuilder                                                     : loaded 5 times (x 72B)
Class com.google.gson.ToNumberPolicy                                                  : loaded 5 times (x 83B)
Class com.amazon.ion.impl.bin.IonRawBinaryWriter$ContainerType                        : loaded 5 times (x 79B)
Class com.amazon.ion.impl._Private_IonTextWriterBuilder$Mutable                       : loaded 5 times (x 102B)
Class [Lcom.google.gson.ToNumberPolicy;                                               : loaded 5 times (x 69B)
Class com.android.ide.gradle.model.artifacts.AdditionalClassifierArtifactsModel       : loaded 5 times (x 70B)
Class com.amazon.ion.IonDecimal                                                       : loaded 5 times (x 70B)
Class com.intellij.gradle.toolingExtension.impl.model.sourceSetDependencyModel.GradleSourceSetDependencySerialisationService: loaded 5 times (x 77B)
Class com.google.gson.internal.bind.DefaultDateTypeAdapter$DateType$1                 : loaded 5 times (x 73B)
Class com.amazon.ion.impl.LocalSymbolTable$Factory                                    : loaded 5 times (x 77B)
Class com.amazon.ion.impl.bin.IonManagedBinaryWriter$ImportedSymbolResolverMode       : loaded 5 times (x 80B)
Class org.jetbrains.plugins.gradle.model.GradleSourceSetModel                         : loaded 5 times (x 70B)
Class com.google.gson.internal.bind.NumberTypeAdapter$1                               : loaded 5 times (x 76B)
Class com.amazon.ion.BufferConfiguration$OversizedValueHandler                        : loaded 5 times (x 70B)
Class com.intellij.gradle.toolingExtension.impl.model.buildScriptClasspathModel.GradleBuildScriptClasspathSerializationService: loaded 5 times (x 77B)
Class com.amazon.ion.impl._Private_IonSystem                                          : loaded 5 times (x 70B)
Class com.amazon.ion.impl.bin.utf8.Utf8StringEncoderPool                              : loaded 5 times (x 74B)
Class com.google.gson.internal.Primitives                                             : loaded 5 times (x 71B)
Class com.google.gson.stream.JsonWriter                                               : loaded 5 times (x 98B)
Class org.jetbrains.kotlin.idea.gradleTooling.KotlinSourceSetContainer                : loaded 5 times (x 70B)
Class io.opentelemetry.context.ContextStorageWrappers                                 : loaded 5 times (x 71B)
Class io.opentelemetry.context.propagation.DefaultContextPropagators                  : loaded 5 times (x 75B)
Class org.jetbrains.plugins.gradle.model.IntelliJSettings                             : loaded 5 times (x 70B)
Class com.google.gson.LongSerializationPolicy$2                                       : loaded 5 times (x 80B)
Class org.jetbrains.plugins.gradle.model.GradleConfiguration                          : loaded 5 times (x 70B)
Class com.google.gson.internal.bind.TypeAdapters$1                                    : loaded 5 times (x 75B)
Class com.android.ide.gradle.model.dependencies.Coordinates                           : loaded 5 times (x 70B)
Class com.intellij.gradle.toolingExtension.impl.model.sourceSetDependencyModel.GradleSourceSetDependencySerialisationService$Companion: loaded 5 times (x 71B)
Class com.google.gson.internal.bind.TypeAdapters$21                                   : loaded 5 times (x 75B)
Class org.jetbrains.plugins.gradle.tooling.serialization.internal.IdeaProjectSerializationService$WriteContext$4: loaded 5 times (x 83B)
Class com.google.gson.FieldNamingPolicy$1                                             : loaded 5 times (x 85B)
Class com.intellij.gradle.toolingExtension.impl.model.dependencyModel.DependencyWriteContext: loaded 5 times (x 72B)
Class com.intellij.gradle.toolingExtension.impl.telemetry.GradleOpenTelemetry         : loaded 5 times (x 72B)
Class org.jetbrains.kotlin.idea.gradleTooling.AndroidAwareGradleModelProvider         : loaded 5 times (x 79B)
Class com.android.ide.gradle.model.dependencies.DeclaredDependencies                  : loaded 5 times (x 70B)
Class com.android.ide.gradle.model.GradlePropertiesModel                              : loaded 5 times (x 70B)
Class com.amazon.ion.impl.lite.IonSequenceLite                                        : loaded 5 times (x 433B)
Class com.amazon.ion.impl._Private_Utils$1                                            : loaded 5 times (x 98B)
Class com.google.gson.internal.bind.TypeAdapterRuntimeTypeWrapper                     : loaded 5 times (x 74B)
Class com.amazon.ion.impl.SymbolTableAsStruct                                         : loaded 5 times (x 70B)
Class com.amazon.ion.impl.IonWriterSystem                                             : loaded 5 times (x 171B)
Class com.amazon.ion.impl.bin.Symbols$2                                               : loaded 5 times (x 107B)
Class com.amazon.ion.impl.bin._Private_IonManagedWriter                               : loaded 5 times (x 70B)
Class com.google.gson.JsonParseException                                              : loaded 5 times (x 82B)
Class com.intellij.gradle.toolingExtension.impl.model.projectModel.GradleExternalProjectSerializationService$ReadContext: loaded 5 times (x 73B)
Class io.opentelemetry.api.trace.Span                                                 : loaded 5 times (x 70B)
Class io.opentelemetry.api.trace.TracerProvider                                       : loaded 5 times (x 70B)
Class org.jetbrains.plugins.gradle.tooling.serialization.ProjectDependenciesSerializationService$ReadContext: loaded 5 times (x 72B)
Class com.google.gson.JsonNull                                                        : loaded 5 times (x 92B)
Class com.google.gson.internal.bind.TypeAdapters$29                                   : loaded 5 times (x 76B)
Class com.google.gson.internal.bind.MapTypeAdapterFactory                             : loaded 5 times (x 75B)
Class com.google.gson.internal.Streams$AppendableWriter                               : loaded 5 times (x 99B)
Class com.google.gson.internal.bind.TypeAdapters$4                                    : loaded 5 times (x 75B)
Class com.google.gson.internal.bind.TypeAdapters$17                                   : loaded 5 times (x 75B)
Class com.intellij.openapi.externalSystem.model.project.dependencies.ProjectDependencies: loaded 5 times (x 70B)
Class io.opentelemetry.api.trace.TraceStateBuilder                                    : loaded 5 times (x 70B)
Class com.google.gson.internal.bind.TypeAdapters$14                                   : loaded 5 times (x 75B)
Class com.amazon.ion.impl.bin.IonManagedBinaryWriter$SymbolState$4                    : loaded 5 times (x 80B)
Class com.amazon.ion.impl.lite.IonContainerLite                                       : loaded 5 times (x 249B)
Class com.amazon.ion.IonBufferConfiguration$OversizedSymbolTableHandler               : loaded 5 times (x 70B)
Class com.amazon.ion.system.IonWriterBuilder                                          : loaded 5 times (x 74B)
Class [Lcom.amazon.ion.util.InputStreamInterceptor;                                   : loaded 5 times (x 69B)
Class org.jetbrains.plugins.gradle.tooling.serialization.ToolingStreamApiUtils        : loaded 5 times (x 71B)
Class com.amazon.ion.facet.Faceted                                                    : loaded 5 times (x 70B)
Class org.jetbrains.plugins.gradle.tooling.serialization.internal.IdeaProjectSerializationService$WriteContext$1: loaded 5 times (x 83B)
Class com.amazon.ion.impl._Private_Utils                                              : loaded 5 times (x 71B)
Class [Lcom.google.gson.LongSerializationPolicy;                                      : loaded 5 times (x 69B)
Class org.jetbrains.plugins.gradle.model.ExternalProject                              : loaded 5 times (x 70B)
Class com.intellij.openapi.externalSystem.model.project.IExternalSystemSourceType     : loaded 5 times (x 70B)
Class com.amazon.ion.impl._Private_IonReaderBuilder$Mutable                           : loaded 5 times (x 97B)
Class com.google.gson.internal.bind.ReflectiveTypeAdapterFactory$RecordAdapter        : loaded 5 times (x 77B)
Class com.amazon.ion.impl.LocalSymbolTableAsStruct                                    : loaded 5 times (x 132B)
Class com.amazon.ion.impl.lite.IonTimestampLite                                       : loaded 5 times (x 193B)
Class org.jetbrains.plugins.gradle.model.FileCollectionDependency                     : loaded 5 times (x 70B)
Class [Lcom.amazon.ion.util.GzipStreamInterceptor;                                    : loaded 5 times (x 69B)
Class io.opentelemetry.api.trace.SpanBuilder                                          : loaded 5 times (x 70B)
Class io.opentelemetry.api.DefaultOpenTelemetry                                       : loaded 5 times (x 89B)
Class com.google.gson.internal.bind.MapTypeAdapterFactory$Adapter                     : loaded 5 times (x 74B)
Class com.google.gson.internal.sql.SqlTimeTypeAdapter$1                               : loaded 5 times (x 75B)
Class io.opentelemetry.api.trace.SpanId                                               : loaded 5 times (x 71B)
Class com.google.gson.internal.bind.TypeAdapters$22                                   : loaded 5 times (x 75B)
Class com.amazon.ion.impl.bin.utf8.Poolable                                           : loaded 5 times (x 79B)
Class com.amazon.ion.IonSymbol                                                        : loaded 5 times (x 70B)
Class com.google.gson.FieldNamingPolicy$2                                             : loaded 5 times (x 85B)
Class io.opentelemetry.api.trace.SpanContext                                          : loaded 5 times (x 70B)
Class io.opentelemetry.api.trace.DefaultTracer$NoopSpanBuilder                        : loaded 5 times (x 91B)
Class org.jetbrains.plugins.gradle.tooling.serialization.AnnotationProcessingModelSerializationService$WriteContext: loaded 5 times (x 72B)
Class gnu.trove.TObjectHash$NULL                                                      : loaded 5 times (x 71B)
Class org.jetbrains.plugins.gradle.tooling.serialization.internal.IdeaProjectSerializationService$WriteContext$3: loaded 5 times (x 83B)
Class org.jetbrains.plugins.gradle.tooling.serialization.AnnotationProcessingModelSerializationService$ReadContext: loaded 5 times (x 72B)
Class [Lio.opentelemetry.context.Scope;                                               : loaded 5 times (x 69B)
Class com.amazon.ion.impl.bin.PooledBlockAllocatorProvider                            : loaded 5 times (x 73B)
Class com.amazon.ion.impl.lite.IonValueLite                                           : loaded 5 times (x 148B)
Class com.google.gson.internal.Excluder$1                                             : loaded 5 times (x 74B)
Class org.jetbrains.kotlin.idea.gradleTooling.KotlinGradlePluginVersion               : loaded 5 times (x 70B)
Class com.intellij.compose.ide.plugin.gradleTooling.rt.ComposeResourcesModel          : loaded 5 times (x 70B)
Class com.intellij.gradle.toolingExtension.impl.util.collectionUtil.GradleCollections : loaded 5 times (x 71B)
Class com.amazon.ion.impl.lite.IonStructLite                                          : loaded 5 times (x 299B)
Class com.amazon.ion.impl._Private_ReaderWriter                                       : loaded 5 times (x 70B)
Class com.amazon.ion.impl.bin.AbstractSymbolTable                                     : loaded 5 times (x 107B)
Class com.amazon.ion.Decimal                                                          : loaded 5 times (x 133B)
Class com.amazon.ion.impl.bin._Private_IonManagedBinaryWriterBuilder$AllocatorMode$1  : loaded 5 times (x 80B)
Class org.jetbrains.plugins.gradle.tooling.serialization.ProjectDependenciesSerializationService$WriteContext: loaded 5 times (x 72B)
Class org.jetbrains.plugins.gradle.tooling.serialization.ProjectDependenciesSerializationService: loaded 5 times (x 77B)
Class com.amazon.ion.impl.bin.AbstractIonWriter                                       : loaded 5 times (x 160B)
Class com.amazon.ion.BufferConfiguration$DataHandler                                  : loaded 5 times (x 70B)
Class gnu.trove.TObjectCanonicalHashingStrategy                                       : loaded 5 times (x 78B)
Class com.amazon.ion.impl._Private_IonSymbol                                          : loaded 5 times (x 70B)
Class org.jetbrains.plugins.gradle.model.GradleProperty                               : loaded 5 times (x 70B)
Class io.opentelemetry.api.trace.AutoValue_ArrayBasedTraceState                       : loaded 5 times (x 87B)
Class com.intellij.gradle.toolingExtension.model.repositoryModel.ProjectRepositoriesModel: loaded 5 times (x 70B)
Class io.opentelemetry.context.propagation.NoopTextMapPropagator                      : loaded 5 times (x 76B)
Class com.amazon.ion.IonLoader                                                        : loaded 5 times (x 70B)
Class com.amazon.ion.IonContainer                                                     : loaded 5 times (x 70B)
Class org.jetbrains.plugins.gradle.tooling.util.ObjectCollector                       : loaded 5 times (x 72B)
Class com.google.gson.FieldNamingPolicy$7                                             : loaded 5 times (x 85B)
Class com.google.gson.internal.bind.TypeAdapters$27                                   : loaded 5 times (x 75B)
Class com.google.gson.internal.reflect.ReflectionHelper                               : loaded 5 times (x 71B)
Class com.google.gson.internal.sql.SqlTypesSupport$2                                  : loaded 5 times (x 74B)
Class org.jetbrains.plugins.gradle.model.GradleTaskModel                              : loaded 5 times (x 70B)
Class com.amazon.ion.impl.bin._Private_IonManagedBinaryWriterBuilder$AllocatorMode    : loaded 5 times (x 80B)
Class com.amazon.ion.impl._Private_SymbolToken                                        : loaded 5 times (x 70B)
Class org.jetbrains.kotlin.tooling.core.KotlinToolingVersion                          : loaded 5 times (x 75B)
Class com.amazon.ion.impl.bin.IonManagedBinaryWriter$SymbolResolver                   : loaded 5 times (x 70B)
Class com.google.gson.internal.bind.DefaultDateTypeAdapter$DateType                   : loaded 5 times (x 73B)
Class com.amazon.ion.impl.lite.IonFloatLite                                           : loaded 5 times (x 187B)
Class com.amazon.ion.impl._Private_IonTextWriterBuilder                               : loaded 5 times (x 102B)
Class com.amazon.ion.impl.bin._Private_IonManagedBinaryWriterBuilder$AllocatorMode$2  : loaded 5 times (x 80B)
Class io.opentelemetry.api.trace.DefaultTracerProvider                                : loaded 5 times (x 79B)
Class com.amazon.ion.impl._Private_IonBinaryWriterBuilder                             : loaded 5 times (x 115B)
Class com.google.gson.internal.ObjectConstructor                                      : loaded 5 times (x 70B)
Class com.google.gson.JsonIOException                                                 : loaded 5 times (x 82B)
Class com.google.gson.internal.reflect.ReflectionHelper$RecordNotSupportedHelper      : loaded 5 times (x 78B)
Class com.amazon.ion.IonBool                                                          : loaded 5 times (x 70B)
Class com.amazon.ion.impl.bin.utf8.Utf8StringEncoder                                  : loaded 5 times (x 80B)
Class [Lcom.amazon.ion.impl.bin.IonManagedBinaryWriter$UserState;                     : loaded 5 times (x 69B)
Class gnu.trove.TObjectHash                                                           : loaded 5 times (x 94B)
Class com.google.gson.FieldNamingPolicy$6                                             : loaded 5 times (x 85B)
Class com.google.gson.internal.bind.TypeAdapters$26                                   : loaded 5 times (x 75B)
Class ijKotlinCoroutineJvmDebugInit1_1wsnntnieh69mfc0rt7hzdn7j                        : loaded 5 times (x 171B)
Class org.jetbrains.plugins.gradle.tooling.util.ObjectCollector$Processor             : loaded 5 times (x 70B)
Class com.google.gson.internal.bind.ReflectiveTypeAdapterFactory$1                    : loaded 5 times (x 74B)
Class org.jetbrains.plugins.gradle.ExternalDependencyId                               : loaded 5 times (x 70B)
Class com.amazon.ion.impl._Private_IonReaderBuilder                                   : loaded 5 times (x 97B)
Class com.amazon.ion.IonMutableCatalog                                                : loaded 5 times (x 70B)
Class gnu.trove.THash                                                                 : loaded 5 times (x 81B)
Class com.intellij.gradle.toolingExtension.impl.model.buildScriptClasspathModel.GradleBuildScriptClasspathSerializationService$WriteContext: loaded 5 times (x 72B)
Class com.google.gson.internal.bind.ArrayTypeAdapter                                  : loaded 5 times (x 74B)
Class com.google.gson.Strictness                                                      : loaded 5 times (x 79B)
Class com.google.gson.internal.bind.TypeAdapters$2                                    : loaded 5 times (x 75B)
Class com.google.gson.internal.bind.TypeAdapters$3                                    : loaded 5 times (x 75B)
Class com.google.gson.internal.bind.TypeAdapters$16                                   : loaded 5 times (x 75B)
Class com.google.gson.internal.bind.TypeAdapters$23                                   : loaded 5 times (x 75B)
Class gnu.trove.TObjectHashingStrategy                                                : loaded 5 times (x 70B)
Class com.intellij.gradle.toolingExtension.impl.model.utilDummyModel.DummyModel       : loaded 5 times (x 70B)
Class com.google.gson.FieldNamingPolicy$3                                             : loaded 5 times (x 85B)
Class org.jetbrains.plugins.gradle.tooling.serialization.RepositoriesModelSerializationService$WriteContext: loaded 5 times (x 72B)
Class com.google.gson.internal.bind.ReflectiveTypeAdapterFactory$2                    : loaded 5 times (x 79B)
Class [Lio.opentelemetry.context.ThreadLocalContextStorage$NoopScope;                 : loaded 5 times (x 69B)
Class io.opentelemetry.context.ThreadLocalContextStorage$NoopScope                    : loaded 5 times (x 85B)
Class io.opentelemetry.api.GlobalOpenTelemetry$ObfuscatedOpenTelemetry                : loaded 5 times (x 92B)
Class com.amazon.ion.IonNumber                                                        : loaded 5 times (x 70B)
Class com.amazon.ion.impl.lite.IonTextLite                                            : loaded 5 times (x 182B)
Class com.amazon.ion.impl.lite.IonLobLite                                             : loaded 5 times (x 185B)
Class com.google.gson.FieldNamingPolicy$5                                             : loaded 5 times (x 85B)
Class com.google.gson.internal.bind.TypeAdapters$25                                   : loaded 5 times (x 75B)
Class com.amazon.ion.UnsupportedIonVersionException                                   : loaded 5 times (x 85B)
Class org.jetbrains.kotlin.tooling.core.KotlinToolingVersion$Maturity                 : loaded 5 times (x 79B)
Class io.opentelemetry.api.internal.IncubatingUtil                                    : loaded 5 times (x 71B)
Class com.amazon.ion.ValueFactory                                                     : loaded 5 times (x 70B)
Class org.jetbrains.plugins.gradle.tooling.ModelBuilderService$Parameter              : loaded 5 times (x 70B)
Class io.opentelemetry.context.LazyStorage                                            : loaded 5 times (x 71B)
Class [Lcom.amazon.ion.impl.bin.IonManagedBinaryWriter$ImportedSymbolResolverMode;    : loaded 5 times (x 69B)
Class com.amazon.ion.IonClob                                                          : loaded 5 times (x 70B)
Class com.amazon.ion.impl.IonWriterSystemText                                         : loaded 5 times (x 190B)
Class com.google.gson.ToNumberStrategy                                                : loaded 5 times (x 70B)
Class com.google.gson.TypeAdapter                                                     : loaded 5 times (x 73B)
Class [Lcom.amazon.ion.SymbolTable;                                                   : loaded 5 times (x 69B)
Class com.amazon.ion.impl.lite.IonContext                                             : loaded 5 times (x 70B)
Class com.amazon.ion.impl.lite.IonStringLite                                          : loaded 5 times (x 213B)
Class io.opentelemetry.context.ImplicitContextKeyed                                   : loaded 5 times (x 70B)
Class com.amazon.ion.impl.lite.IonLoaderLite                                          : loaded 5 times (x 82B)
Class com.amazon.ion.impl.bin.utf8.Utf8StringEncoderPool$1                            : loaded 5 times (x 76B)
Class org.jetbrains.plugins.gradle.model.ExternalTask                                 : loaded 5 times (x 70B)
Class com.intellij.openapi.externalSystem.model.ExternalSystemException               : loaded 5 times (x 86B)
Class com.google.gson.FieldNamingPolicy$4                                             : loaded 5 times (x 85B)
Class com.google.gson.internal.bind.TypeAdapters$24                                   : loaded 5 times (x 75B)
Class com.google.gson.internal.bind.TypeAdapters$15                                   : loaded 5 times (x 75B)
Class com.google.gson.internal.sql.SqlTypesSupport$1                                  : loaded 5 times (x 74B)
Class org.jetbrains.plugins.gradle.tooling.serialization.internal.IdeaProjectSerializationService$WriteContext$2: loaded 5 times (x 83B)
Class com.amazon.ion.impl.bin.utf8.Pool                                               : loaded 5 times (x 74B)
Class com.amazon.ion.system.IonReaderBuilder                                          : loaded 5 times (x 95B)
Class io.opentelemetry.api.trace.TraceState                                           : loaded 5 times (x 70B)
Class org.jetbrains.plugins.gradle.model.AnnotationProcessingConfig                   : loaded 5 times (x 70B)
Class com.amazon.ion.IonReader                                                        : loaded 5 times (x 70B)
Class gnu.trove.Equality                                                              : loaded 5 times (x 70B)
Class com.amazon.ion.impl.bin.PooledBlockAllocatorProvider$PooledBlockAllocator$1     : loaded 5 times (x 79B)
Class com.amazon.ion.impl.bin.Block                                                   : loaded 5 times (x 79B)
Class io.opentelemetry.context.DefaultContextKey                                      : loaded 5 times (x 72B)
Class [Lcom.amazon.ion.impl.bin.IonRawBinaryWriter$StreamFlushMode;                   : loaded 5 times (x 69B)
Class com.intellij.gradle.toolingExtension.impl.model.repositoryModel.DefaultProjectRepositoriesModel: loaded 4 times (x 76B)
Class com.intellij.gradle.toolingExtension.impl.model.dependencyGraphModel.GradleDependencyReportGenerator: loaded 4 times (x 73B)
Class org.jetbrains.kotlin.idea.gradleTooling.model.lombok.LombokModel                : loaded 4 times (x 70B)
Class org.jetbrains.plugins.gradle.tooling.internal.DefaultRepositoryModels           : loaded 4 times (x 76B)
Class org.jetbrains.kotlin.idea.gradleTooling.ResolveCompilerArgumentsKt              : loaded 4 times (x 71B)
Class org.jetbrains.kotlin.idea.gradleTooling.reflect.KotlinMultiplatformImportReflectionImpl: loaded 4 times (x 76B)
Class org.jetbrains.kotlin.idea.gradleTooling.PrepareKotlinIdeaImportTaskModelBuilder$Messages: loaded 4 times (x 71B)
Class org.jetbrains.kotlin.idea.gradleTooling.reflect.ReflectionReceiver$Instance     : loaded 4 times (x 77B)
Class org.jetbrains.plugins.gradle.model.AbstractExternalDependency                   : loaded 4 times (x 106B)
Class org.jetbrains.plugins.gradle.tooling.util.BiFunction                            : loaded 4 times (x 70B)
Class org.jetbrains.kotlin.idea.gradleTooling.model.annotation.AnnotationBasedPluginModelBuilderService: loaded 4 times (x 85B)
Class org.jetbrains.kotlin.idea.gradleTooling.model.kapt.KaptGradleModelImpl          : loaded 4 times (x 77B)
Class com.intellij.gradle.toolingExtension.impl.initScript.util.GradleDebuggerUtil    : loaded 4 times (x 71B)
Class org.jetbrains.plugins.gradle.model.ModelFactory                                 : loaded 4 times (x 71B)
Class org.jetbrains.plugins.gradle.tooling.serialization.ToolingStreamApiUtilsKt      : loaded 4 times (x 71B)
Class com.intellij.gradle.toolingExtension.impl.model.projectModel.GradleExternalProjectModelBuilder: loaded 4 times (x 86B)
Class org.jetbrains.kotlin.idea.gradleTooling.KotlinMPPGradleModelBuilder$Companion   : loaded 4 times (x 71B)
Class org.jetbrains.kotlin.idea.gradleTooling.reflect.TypeToken                       : loaded 4 times (x 72B)
Class org.jetbrains.kotlin.idea.gradleTooling.reflect.KotlinAndroidSourceSetInfoReflection: loaded 4 times (x 70B)
Class org.jetbrains.plugins.gradle.tooling.ModelBuilderContext$DataProvider           : loaded 4 times (x 70B)
Class jdk.internal.jimage.ImageBufferCache$2                                          : loaded 4 times (x 91B)
Class com.intellij.gradle.toolingExtension.impl.model.taskModel.GradleTaskModelBuilder: loaded 4 times (x 86B)
Class [Lcom.intellij.openapi.externalSystem.model.project.IExternalSystemSourceType;  : loaded 4 times (x 69B)
Class org.jetbrains.kotlin.idea.gradleTooling.MultiplatformModelImportingChecker      : loaded 4 times (x 70B)
Class org.jetbrains.plugins.gradle.model.DefaultDependencyAccessorsModel              : loaded 4 times (x 76B)
Class jdk.internal.jimage.ImageReader$Directory                                       : loaded 4 times (x 84B)
Class com.intellij.gradle.toolingExtension.impl.model.buildScriptClasspathModel.GradleBuildScriptClasspathModelBuilder: loaded 4 times (x 86B)
Class [Lorg.jetbrains.kotlin.idea.gradleTooling.reflect.Parameter;                    : loaded 4 times (x 69B)
Class jdk.internal.jimage.ImageBufferCache$1                                          : loaded 4 times (x 83B)
Class com.android.ide.gradle.model.builder.AndroidStudioToolingPlugin                 : loaded 4 times (x 75B)
Class jdk.internal.jimage.ImageStrings                                                : loaded 4 times (x 70B)
Class org.jetbrains.kotlin.idea.gradleTooling.KotlinGradlePluginVersionImpl           : loaded 4 times (x 78B)
Class org.jetbrains.kotlin.idea.gradleTooling.reflect.ReflectionReceiver$Static       : loaded 4 times (x 77B)
Class org.jetbrains.kotlin.idea.gradleTooling.model.assignment.AssignmentModel        : loaded 4 times (x 70B)
Class com.intellij.openapi.externalSystem.model.project.dependencies.ComponentDependencies: loaded 4 times (x 70B)
Class org.jetbrains.plugins.gradle.tooling.ModelBuilderService$Ex                     : loaded 4 times (x 70B)
Class org.gradle.kotlin.dsl.VersionCatalogAccessorsKt                                 : loaded 4 times (x 71B)
Class com.google.gson.TypeAdapter$NullSafeTypeAdapter                                 : loaded 4 times (x 74B)
Class org.jetbrains.kotlin.idea.gradleTooling.reflect.ParameterList$Companion         : loaded 4 times (x 71B)
Class com.intellij.gradle.toolingExtension.impl.model.sourceSetArtifactIndex.GradleSourceSetArtifactModel: loaded 4 times (x 76B)
Class ijJvmDebugger1_4b5r85er2hzpqckrke094c03f$_run_closure1$_closure2$_closure4      : loaded 4 times (x 139B)
Class com.intellij.gradle.toolingExtension.impl.initScript.util.GradleJvmForkedDebuggerHelper: loaded 4 times (x 71B)
Class jdk.internal.jimage.ImageLocation                                               : loaded 4 times (x 90B)
Class org.jetbrains.plugins.gradle.tooling.builder.ProjectRepositoriesModelBuilder    : loaded 4 times (x 78B)
Class org.jetbrains.plugins.gradle.model.web.WebConfiguration                         : loaded 4 times (x 70B)
Class org.jetbrains.plugins.gradle.tooling.builder.ProjectExtensionsDataBuilderImpl   : loaded 4 times (x 78B)
Class com.intellij.gradle.toolingExtension.impl.model.buildScriptClasspathModel.GradleBuildScriptClasspathCache: loaded 4 times (x 75B)
Class org.jetbrains.kotlin.idea.gradleTooling.model.samWithReceiver.SamWithReceiverModel: loaded 4 times (x 70B)
Class com.intellij.openapi.externalSystem.model.project.dependencies.ProjectDependenciesImpl: loaded 4 times (x 77B)
Class ijJvmDebugger1_4b5r85er2hzpqckrke094c03f$_run_closure1$_closure2$_closure3      : loaded 4 times (x 140B)
Class com.intellij.gradle.toolingExtension.impl.util.javaPluginUtil.JavaPluginAccessor: loaded 4 times (x 70B)
Class org.jetbrains.plugins.gradle.tooling.serialization.RepositoriesModelSerializationService$1: loaded 4 times (x 76B)
Class org.jetbrains.kotlin.idea.gradleTooling.reflect.KotlinExtensionReflection       : loaded 4 times (x 72B)
Class org.jetbrains.kotlin.idea.gradleTooling.reflect.KotlinExtensionReflection$Companion: loaded 4 times (x 71B)
Class org.jetbrains.kotlin.idea.gradleTooling.KotlinGradleModelImpl                   : loaded 4 times (x 85B)
Class org.jetbrains.kotlin.idea.gradleTooling.PrepareKotlinIdeaImportTaskModelBuilder$KotlinNativePlatformDependenciesKt: loaded 4 times (x 71B)
Class jdk.internal.jimage.decompressor.Decompressor                                   : loaded 4 times (x 72B)
Class org.jetbrains.kotlin.idea.gradleTooling.reflect.Parameter                       : loaded 4 times (x 72B)
Class com.intellij.gradle.toolingExtension.impl.util.GradleObjectUtil                 : loaded 4 times (x 71B)
Class com.intellij.openapi.externalSystem.model.project.dependencies.ArtifactDependencyNodeImpl: loaded 4 times (x 95B)
Class org.jetbrains.plugins.gradle.tooling.internal.VersionCatalogsModelImpl          : loaded 4 times (x 76B)
Class com.intellij.gradle.toolingExtension.impl.model.taskModel.DefaultGradleTaskModel: loaded 4 times (x 75B)
Class com.intellij.gradle.toolingExtension.impl.util.javaPluginUtil.JavaPluginUtil    : loaded 4 times (x 71B)
Class jdk.internal.jimage.ImageHeader                                                 : loaded 4 times (x 71B)
Class com.intellij.compose.ide.plugin.gradleTooling.rt.ComposeResourcesExtension      : loaded 4 times (x 72B)
Class org.jetbrains.plugins.gradle.model.DefaultExternalLibraryDependency             : loaded 4 times (x 111B)
Class jdk.internal.jrtfs.JrtFileSystem                                                : loaded 4 times (x 102B)
Class org.jetbrains.plugins.gradle.model.DefaultGradleProperty                        : loaded 4 times (x 78B)
Class org.jetbrains.kotlin.idea.gradleTooling.GetAdditionalVisibleSourceSetsKt        : loaded 4 times (x 71B)
Class org.jetbrains.kotlin.idea.gradleTooling.model.parcelize.ParcelizeGradleModel    : loaded 4 times (x 70B)
Class org.jetbrains.plugins.gradle.tooling.builder.IntelliJSettingsBuilder            : loaded 4 times (x 78B)
Class com.intellij.gradle.toolingExtension.impl.model.sourceSetModel.GradleSourceSetModelBuilder$1: loaded 4 times (x 83B)
Class org.jetbrains.kotlin.tooling.core.InternerImpl$Store$Strong                     : loaded 4 times (x 76B)
Class org.jetbrains.kotlin.idea.gradleTooling.reflect.KotlinCompilerArgumentsResolverReflection: loaded 4 times (x 70B)
Class org.jetbrains.plugins.gradle.tooling.serialization.ExternalTestsSerializationService$1: loaded 4 times (x 76B)
Class org.jetbrains.plugins.gradle.tooling.internal.ClasspathEntryModelImpl           : loaded 4 times (x 80B)
Class org.jetbrains.plugins.gradle.tooling.builder.AnnotationProcessingModelBuilder   : loaded 4 times (x 86B)
Class jdk.internal.jrtfs.JrtFileSystemProvider                                        : loaded 4 times (x 101B)
Class com.intellij.gradle.toolingExtension.impl.modelBuilder.ExtraModelBuilder        : loaded 4 times (x 85B)
Class org.jetbrains.plugins.gradle.tooling.builder.WarModelBuilderImpl                : loaded 4 times (x 86B)
Class com.intellij.gradle.toolingExtension.impl.model.sourceSetModel.GradleSourceSetModelBuilder$2: loaded 4 times (x 83B)
Class org.jetbrains.plugins.gradle.tooling.MessageReportBuilder                       : loaded 4 times (x 70B)
Class org.jetbrains.plugins.gradle.tooling.Message$Kind                               : loaded 4 times (x 79B)
Class com.intellij.gradle.toolingExtension.impl.model.sourceSetModel.GradleSourceSetModelBuilder: loaded 4 times (x 86B)
Class org.jetbrains.kotlin.idea.gradleTooling.model.samWithReceiver.SamWithReceiverModelBuilderService: loaded 4 times (x 85B)
Class org.jetbrains.kotlin.idea.gradleTooling.ModelBuilderUtilsKt                     : loaded 4 times (x 71B)
Class com.intellij.gradle.toolingExtension.impl.model.sourceSetModel.GradleSourceSetModelBuilder$3: loaded 4 times (x 83B)
Class org.jetbrains.kotlin.tooling.core.InternerImpl                                  : loaded 4 times (x 76B)
Class org.jetbrains.kotlin.idea.gradleTooling.KotlinTaskPropertiesImpl                : loaded 4 times (x 78B)
Class org.jetbrains.plugins.gradle.tooling.serialization.GradleExtensionsSerializationService$3: loaded 4 times (x 76B)
Class org.jetbrains.plugins.gradle.tooling.builder.WarModelBuilderImplKt              : loaded 4 times (x 71B)
Class com.android.ide.gradle.model.dependencies.DeclaredDependenciesImpl              : loaded 4 times (x 76B)
Class com.android.ide.gradle.model.composites.BuildMapImpl                            : loaded 4 times (x 75B)
Class org.jetbrains.plugins.gradle.tooling.builder.ProjectExtensionsDataBuilderImpl$Companion: loaded 4 times (x 71B)
Class org.jetbrains.plugins.gradle.model.DefaultExternalTask                          : loaded 4 times (x 83B)
Class com.android.ide.gradle.model.dependencies.DeclaredDependenciesModelBuilder$Companion: loaded 4 times (x 71B)
Class com.android.ide.gradle.model.dependencies.CoordinatesImpl                       : loaded 4 times (x 77B)
Class com.android.ide.gradle.model.builder.LegacyAndroidGradlePluginPropertiesModelBuilder$Companion: loaded 4 times (x 71B)
Class org.jetbrains.kotlin.idea.gradleTooling.PrepareKotlinIdeaImportTaskModelBuilder : loaded 4 times (x 86B)
Class org.jetbrains.kotlin.idea.gradleTooling.reflect.ParameterList                   : loaded 4 times (x 169B)
Class com.intellij.gradle.toolingExtension.impl.model.dependencyModel.GradleDependencyResolver$1: loaded 4 times (x 77B)
Class org.jetbrains.plugins.gradle.tooling.serialization.GradleExtensionsSerializationService$2: loaded 4 times (x 76B)
Class com.android.ide.gradle.model.artifacts.builder.AdditionalClassifierArtifactsModelBuilder: loaded 4 times (x 79B)
Class org.jetbrains.plugins.gradle.model.DefaultGradleConfiguration                   : loaded 4 times (x 79B)
Class org.jetbrains.plugins.gradle.tooling.AbstractModelBuilderService                : loaded 4 times (x 86B)
Class com.android.ide.gradle.model.builder.LegacyAndroidGradlePluginPropertiesModelBuilder$PluginType: loaded 4 times (x 79B)
Class com.intellij.gradle.toolingExtension.impl.model.dependencyDownloadPolicyModel.GradleDependencyDownloadPolicyBuilder: loaded 4 times (x 86B)
Class com.intellij.gradle.toolingExtension.impl.model.dependencyModel.auxiliary.AuxiliaryConfigurationArtifacts: loaded 4 times (x 74B)
Class com.intellij.gradle.toolingExtension.impl.util.GradleProjectUtil                : loaded 4 times (x 71B)
Class org.jetbrains.kotlin.idea.gradleTooling.reflect.ReflectionReceiver              : loaded 4 times (x 70B)
Class jdk.internal.jimage.BasicImageReader$1                                          : loaded 4 times (x 77B)
Class org.jetbrains.plugins.gradle.tooling.serialization.GradleExtensionsSerializationService$1: loaded 4 times (x 76B)
Class com.android.ide.gradle.model.builder.GradlePropertiesModelBuilder               : loaded 4 times (x 75B)
Class com.intellij.gradle.toolingExtension.impl.model.dependencyModel.auxiliary.AuxiliaryArtifactResolverImpl: loaded 4 times (x 76B)
Class org.jetbrains.kotlin.idea.gradleTooling.model.allopen.AllOpenModelBuilderService: loaded 4 times (x 85B)
Class org.jetbrains.plugins.gradle.model.tests.DefaultExternalTestsModel              : loaded 4 times (x 77B)
Class org.jetbrains.kotlin.idea.gradleTooling.KotlinGradlePluginVersionKt             : loaded 4 times (x 71B)
Class org.jetbrains.kotlin.idea.gradleTooling.reflect.TypeToken$Companion             : loaded 4 times (x 71B)
Class org.jetbrains.plugins.gradle.tooling.builder.DependencyAccessorsModelBuilder    : loaded 4 times (x 81B)
Class com.intellij.gradle.toolingExtension.impl.util.GradleIdeaPluginUtil             : loaded 4 times (x 71B)
Class com.android.ide.gradle.model.impl.GradlePluginModelImpl$Companion               : loaded 4 times (x 71B)
Class org.jetbrains.kotlin.idea.gradleTooling.GeneratedSourceRootsKt                  : loaded 4 times (x 71B)
Class org.jetbrains.kotlin.idea.gradleTooling.model.parcelize.ParcelizeModelBuilderService: loaded 4 times (x 81B)
Class JetGradlePlugin                                                                 : loaded 4 times (x 96B)
Class com.intellij.gradle.toolingExtension.impl.model.dependencyModel.auxiliary.AuxiliaryArtifactResolver: loaded 4 times (x 70B)
Class ijKotlinCoroutineJvmDebugInit1_1wsnntnieh69mfc0rt7hzdn7j$_run_closure1$_closure3: loaded 4 times (x 139B)
Class org.jetbrains.plugins.gradle.tooling.serialization.internal.adapter.InternalBuildIdentifier: loaded 4 times (x 75B)
Class com.intellij.openapi.externalSystem.model.project.dependencies.UnknownDependencyNode: loaded 4 times (x 87B)
Class com.intellij.gradle.toolingExtension.impl.model.sourceSetModel.GradleSourceSetResolutionContext: loaded 4 times (x 73B)
Class org.jetbrains.plugins.gradle.tooling.builder.EarModelBuilderImplKt              : loaded 4 times (x 71B)
Class com.intellij.compose.ide.plugin.gradleTooling.rt.ComposeResourcesExtension$Companion: loaded 4 times (x 71B)
Class org.jetbrains.plugins.gradle.tooling.builder.MavenRepositoriesModelBuilder      : loaded 4 times (x 81B)
Class com.android.ide.gradle.model.dependencies.DeclaredDependenciesModelBuilderKt    : loaded 4 times (x 71B)
Class org.jetbrains.kotlin.idea.gradleTooling.OrphanSourceSetImportingChecker         : loaded 4 times (x 74B)
Class org.jetbrains.kotlin.idea.gradleTooling.reflect.KotlinMultiplatformImportReflection: loaded 4 times (x 70B)
Class com.android.ide.gradle.model.builder.LegacyV1AgpVersionModelBuilder             : loaded 4 times (x 75B)
Class jdk.internal.jimage.ImageReader$Node                                            : loaded 4 times (x 84B)
Class org.jetbrains.kotlin.idea.gradleTooling.reflect.KotlinMultiplatformImportReflectionImpl$Companion: loaded 4 times (x 71B)
Class org.jetbrains.kotlin.idea.gradleTooling.model.lombok.LombokModelBuilderService  : loaded 4 times (x 87B)
Class com.google.gson.internal.Streams$AppendableWriter$CurrentWrite                  : loaded 4 times (x 88B)
Class com.intellij.gradle.toolingExtension.impl.model.sourceSetDependencyModel.GradleSourceSetDependencyModelBuilder: loaded 4 times (x 86B)
Class JetGradlePlugin$_apply_closure1                                                 : loaded 4 times (x 140B)
Class org.jetbrains.kotlin.idea.gradleTooling.reflect.GradleReflectionLogger          : loaded 4 times (x 75B)
Class com.intellij.gradle.toolingExtension.impl.model.utilTurnOffDefaultTasksModel.TurnOffDefaultTasksModelBuilder: loaded 4 times (x 86B)
Class org.jetbrains.kotlin.idea.gradleTooling.PrepareKotlinIdeaImportTaskModelBuilder$Companion: loaded 4 times (x 71B)
Class org.jetbrains.plugins.gradle.tooling.ModelBuilderService                        : loaded 4 times (x 70B)
Class org.jetbrains.kotlin.idea.gradleTooling.KotlinMPPGradleModelBuilder             : loaded 4 times (x 86B)
Class com.intellij.gradle.toolingExtension.impl.modelBuilder.DefaultModelBuilderContext: loaded 4 times (x 77B)
Class com.intellij.gradle.toolingExtension.impl.model.warmUp.GradleTaskWarmUpService  : loaded 4 times (x 86B)
Class org.jetbrains.plugins.gradle.tooling.serialization.internal.adapter.InternalProjectIdentifier: loaded 4 times (x 76B)
Class com.intellij.gradle.toolingExtension.impl.model.dependencyModel.GradleDependencyTraverser$Itr: loaded 4 times (x 83B)
Class com.intellij.util.ExceptionUtilRt$1                                             : loaded 4 times (x 129B)
Class com.intellij.gradle.toolingExtension.impl.initScript.util.GradleTasksUtil       : loaded 4 times (x 71B)
Class org.jetbrains.kotlin.idea.gradleTooling.reflect.KotlinSourceSetReflectionKt     : loaded 4 times (x 71B)
Class org.jetbrains.kotlin.tooling.core.InternerImpl$Store                            : loaded 4 times (x 70B)
Class com.android.ide.gradle.model.composites.BuildMapModelBuilder                    : loaded 4 times (x 75B)
Class com.intellij.gradle.toolingExtension.impl.model.dependencyModel.GradleDependencyTraverser: loaded 4 times (x 80B)
Class com.intellij.gradle.toolingExtension.impl.model.sourceSetDependencyModel.DefaultGradleSourceSetDependencyModel: loaded 4 times (x 77B)
Class org.jetbrains.kotlin.idea.gradleTooling.AbstractKotlinGradleModelBuilder$Companion: loaded 4 times (x 71B)
Class org.jetbrains.kotlin.idea.gradleTooling.model.allopen.AllOpenModel              : loaded 4 times (x 70B)
Class org.jetbrains.kotlin.idea.gradleTooling.reflect.KotlinSourceSetReflection       : loaded 4 times (x 70B)
Class com.intellij.gradle.toolingExtension.impl.javaModel.manifestModel.DefaultJavaGradleManifestModel: loaded 4 times (x 76B)
Class org.jetbrains.plugins.gradle.tooling.Message$FilePosition                       : loaded 4 times (x 75B)
Class com.intellij.openapi.externalSystem.model.project.ExternalSystemSourceType      : loaded 4 times (x 85B)
Class com.android.ide.gradle.model.impl.GradlePluginModelImpl                         : loaded 4 times (x 78B)
Class org.jetbrains.kotlin.idea.gradleTooling.model.kapt.KaptModelBuilderService      : loaded 4 times (x 86B)
Class com.intellij.gradle.toolingExtension.impl.model.sourceSetArtifactIndex.GradleSourceSetArtifactIndexBuilder: loaded 4 times (x 86B)
Class org.jetbrains.kotlin.idea.gradleTooling.KotlinGradleModelBuilder                : loaded 4 times (x 86B)
Class com.android.ide.gradle.model.dependencies.DeclaredDependenciesModelBuilder      : loaded 4 times (x 75B)
Class org.jetbrains.kotlin.idea.gradleTooling.KotlinGradlePluginVersion$Companion     : loaded 4 times (x 71B)
Class org.jetbrains.plugins.gradle.model.DefaultExternalProject                       : loaded 4 times (x 95B)
Class com.intellij.gradle.toolingExtension.impl.model.resourceFilterModel.GradleResourceFilterModelBuilder: loaded 4 times (x 71B)
Class com.intellij.openapi.externalSystem.model.project.dependencies.DependencyNode   : loaded 4 times (x 70B)
Class com.intellij.gradle.toolingExtension.impl.model.sourceSetDependencyModel.GradleSourceSetDependencyResolver: loaded 4 times (x 72B)
Class org.jetbrains.kotlin.tooling.core.Interner                                      : loaded 4 times (x 70B)
Class com.android.ide.gradle.model.builder.GradlePluginModelBuilder                   : loaded 4 times (x 75B)
Class com.intellij.gradle.toolingExtension.impl.model.buildScriptClasspathModel.DefaultGradleBuildScriptClasspathModel: loaded 4 times (x 83B)
Class org.jetbrains.kotlin.idea.gradleTooling.reflect.KotlinSourceSetReflectionImpl$Companion: loaded 4 times (x 71B)
Class org.jetbrains.plugins.gradle.tooling.builder.ScalaModelBuilderImpl              : loaded 4 times (x 81B)
Class org.jetbrains.plugins.gradle.tooling.ModelBuilderContext                        : loaded 4 times (x 70B)
Class [Lcom.android.ide.gradle.model.builder.LegacyAndroidGradlePluginPropertiesModelBuilder$PluginType;: loaded 4 times (x 69B)
Class org.jetbrains.kotlin.idea.gradleTooling.reflect.ReflectionKt                    : loaded 4 times (x 71B)
Class org.jetbrains.kotlin.idea.gradleTooling.KotlinTasksPropertyUtilsKt              : loaded 4 times (x 71B)
Class org.jetbrains.plugins.gradle.tooling.builder.ExternalTestsModelBuilderImpl      : loaded 4 times (x 78B)
Class org.jetbrains.plugins.gradle.tooling.DefaultMessageBuilder                      : loaded 4 times (x 84B)
Class com.google.gson.internal.bind.EnumTypeAdapter                                   : loaded 4 times (x 76B)
Class org.jetbrains.plugins.gradle.tooling.builder.IntelliJProjectSettingsBuilder     : loaded 4 times (x 78B)
Class org.jetbrains.plugins.gradle.model.scala.ScalaModel                             : loaded 4 times (x 70B)
Class com.intellij.openapi.externalSystem.model.project.dependencies.ProjectDependencyNodeImpl: loaded 4 times (x 93B)
Class jdk.internal.jimage.ImageStringsReader                                          : loaded 4 times (x 80B)
Class org.jetbrains.plugins.gradle.model.DefaultExternalProjectDependency             : loaded 4 times (x 120B)
Class com.intellij.gradle.toolingExtension.impl.util.collectionUtil.GradleCollectionUtil: loaded 4 times (x 71B)
Class org.jetbrains.kotlin.idea.gradleTooling.reflect.KotlinLanguageSettingsReflection: loaded 4 times (x 70B)
Class com.intellij.gradle.toolingExtension.impl.model.buildScriptClasspathModel.GradleBuildScriptClasspathSerializationService$1: loaded 4 times (x 76B)
Class org.jetbrains.kotlin.idea.gradleTooling.KotlinMPPGradleModelBinaryBuilder       : loaded 4 times (x 86B)
Class org.jetbrains.plugins.gradle.DefaultExternalDependencyId                        : loaded 4 times (x 80B)
Class [Lcom.intellij.openapi.externalSystem.model.project.ExternalSystemSourceType;   : loaded 4 times (x 69B)
Class org.jetbrains.kotlin.idea.gradleTooling.model.noarg.NoArgModel                  : loaded 4 times (x 70B)
Class org.jetbrains.plugins.gradle.model.DefaultGradleExtensions                      : loaded 4 times (x 88B)
Class org.jetbrains.kotlin.idea.gradleTooling.model.noarg.NoArgModelBuilderService    : loaded 4 times (x 85B)
Class com.intellij.gradle.toolingExtension.impl.model.dependencyDownloadPolicyModel.DefaultGradleDependencyDownloadPolicy: loaded 4 times (x 77B)
Class org.jetbrains.kotlin.tooling.core.InternerKt                                    : loaded 4 times (x 71B)
Class org.jetbrains.plugins.gradle.model.ear.EarConfiguration                         : loaded 4 times (x 70B)
Class org.jetbrains.kotlin.idea.gradleTooling.reflect.KotlinCompilerArgumentsResolverReflectionKt: loaded 4 times (x 71B)
Class com.intellij.gradle.toolingExtension.impl.modelBuilder.DefaultMessageReporter   : loaded 4 times (x 75B)
Class [Lorg.jetbrains.plugins.gradle.tooling.Message$Kind;                            : loaded 4 times (x 69B)
Class org.jetbrains.plugins.gradle.model.DefaultUnresolvedExternalDependency          : loaded 4 times (x 111B)
Class org.jetbrains.kotlin.idea.gradleTooling.AndroidAwareGradleModelProvider$Result  : loaded 4 times (x 72B)
Class com.google.gson.internal.GsonTypes                                              : loaded 4 times (x 71B)
Class org.jetbrains.kotlin.idea.gradleTooling.KotlinDslScriptTaskModelBuilder         : loaded 4 times (x 86B)
Class jdk.internal.jrtfs.JrtPath                                                      : loaded 4 times (x 118B)
Class org.jetbrains.kotlin.idea.gradleTooling.reflect.KotlinSourceSetReflectionImpl   : loaded 4 times (x 83B)
Class com.intellij.gradle.toolingExtension.impl.model.sourceSetModel.DefaultGradleSourceSetModel: loaded 4 times (x 81B)
Class com.intellij.openapi.externalSystem.model.project.dependencies.ProjectDependencyNode: loaded 4 times (x 70B)
Class com.intellij.gradle.toolingExtension.impl.model.dependencyModel.GradleDependencyResolver: loaded 4 times (x 72B)
Class org.jetbrains.kotlin.idea.gradleTooling.UtilsKt                                 : loaded 4 times (x 71B)
Class com.intellij.gradle.toolingExtension.impl.modelBuilder.DefaultMessageReportBuilder: loaded 4 times (x 94B)
Class jdk.internal.jimage.ImageBufferCache                                            : loaded 4 times (x 71B)
Class com.intellij.gradle.toolingExtension.impl.javaModel.manifestModel.JavaGradleManifestModelBuilder: loaded 4 times (x 86B)
Class com.intellij.openapi.externalSystem.model.project.dependencies.ArtifactDependencyNode: loaded 4 times (x 70B)
Class jdk.internal.jimage.ImageReader                                                 : loaded 4 times (x 75B)
Class org.jetbrains.kotlin.idea.gradleTooling.KotlinDslScriptTaskModelBuilder$Companion: loaded 4 times (x 71B)
Class com.intellij.util.ExceptionUtilRt$RethrownStack                                 : loaded 4 times (x 82B)
Class com.android.ide.gradle.model.impl.GradlePropertiesModelImpl                     : loaded 4 times (x 80B)
Class org.jetbrains.kotlin.idea.gradleTooling.model.annotation.AnnotationBasedPluginModel: loaded 4 times (x 70B)
Class com.intellij.gradle.toolingExtension.impl.model.dependencyDownloadPolicyModel.GradleDependencyDownloadPolicyCache: loaded 4 times (x 75B)
Class com.intellij.gradle.toolingExtension.impl.model.utilDummyModel.DefaultDummyModel: loaded 4 times (x 73B)
Class com.intellij.gradle.toolingExtension.impl.initScript.util.GradleLifecycleUtil   : loaded 4 times (x 71B)
Class org.jetbrains.plugins.gradle.tooling.MessageReporter                            : loaded 4 times (x 70B)
Class com.intellij.compose.ide.plugin.gradleTooling.rt.ComposeResourcesModelBuilder   : loaded 4 times (x 78B)
Class org.jetbrains.kotlin.idea.gradleTooling.model.assignment.AssignmentModelBuilderService: loaded 4 times (x 85B)
Class org.jetbrains.plugins.gradle.model.DefaultFileCollectionDependency              : loaded 4 times (x 110B)
Class org.jetbrains.kotlin.idea.gradleTooling.KotlinMPPGradleModelBinary              : loaded 4 times (x 70B)
Class com.intellij.gradle.toolingExtension.impl.model.sourceSetArtifactIndex.GradleSourceSetArtifactIndex: loaded 4 times (x 78B)
Class com.intellij.gradle.toolingExtension.impl.util.javaPluginUtil.ExtensionJavaPluginAccessor: loaded 4 times (x 82B)
Class com.intellij.gradle.toolingExtension.impl.util.collectionUtil.GradleCollectionVisitor: loaded 4 times (x 70B)
Class org.jetbrains.plugins.gradle.tooling.util.BooleanBiFunction                     : loaded 4 times (x 70B)
Class com.intellij.gradle.toolingExtension.impl.model.dependencyGraphModel.GradleDependencyGraphModelBuilder: loaded 4 times (x 82B)
Class com.intellij.gradle.toolingExtension.impl.model.utilTurnOffDefaultTasksModel.DefaultTurnOffDefaultTasks: loaded 4 times (x 71B)
Class org.jetbrains.plugins.gradle.tooling.ModelBuilderService$ParameterizedModelBuilderService: loaded 4 times (x 70B)
Class jdk.internal.jimage.ImageReader$SharedImageReader                               : loaded 4 times (x 95B)
Class org.jetbrains.plugins.gradle.tooling.builder.EarModelBuilderImpl                : loaded 4 times (x 86B)
Class org.jetbrains.plugins.gradle.tooling.MessageBuilder                             : loaded 4 times (x 70B)
Class com.android.ide.gradle.model.builder.LegacyAndroidGradlePluginPropertiesModelBuilder: loaded 4 times (x 80B)
Class org.jetbrains.plugins.gradle.tooling.util.StringUtils                           : loaded 4 times (x 71B)
Class com.google.gson.internal.bind.EnumTypeAdapter$1                                 : loaded 4 times (x 75B)
Class org.jetbrains.plugins.gradle.model.DefaultGradleExtension                       : loaded 4 times (x 80B)
Class org.jetbrains.kotlin.idea.gradleTooling.reflect.KotlinCompilerArgumentsResolverReflectionImpl: loaded 4 times (x 75B)
Class jdk.internal.jimage.BasicImageReader                                            : loaded 4 times (x 95B)
Class org.jetbrains.plugins.gradle.tooling.builder.VersionCatalogsModelBuilder        : loaded 4 times (x 86B)
Class com.intellij.openapi.externalSystem.model.project.dependencies.AbstractDependencyNode: loaded 4 times (x 87B)
Class com.intellij.gradle.toolingExtension.impl.model.utilDummyModel.DummyModelBuilder: loaded 4 times (x 86B)
Class org.jetbrains.plugins.gradle.tooling.util.GradleContainerUtil                   : loaded 4 times (x 71B)
Class org.jetbrains.plugins.gradle.tooling.Message                                    : loaded 4 times (x 72B)
Class com.google.gson.internal.bind.JsonElementTypeAdapter                            : loaded 4 times (x 75B)
Class com.android.ide.gradle.model.builder.AndroidStudioToolingPluginKt               : loaded 4 times (x 71B)
Class com.google.gson.internal.bind.TypeAdapters$32$1                                 : loaded 4 times (x 74B)
Class org.jetbrains.kotlin.idea.gradleTooling.AbstractKotlinGradleModelBuilder        : loaded 4 times (x 81B)
Class org.jetbrains.kotlin.idea.gradleTooling.reflect.ReflectionLogger                : loaded 4 times (x 70B)
Class org.jetbrains.kotlin.idea.gradleTooling.reflect.KotlinSwiftExportReflection     : loaded 4 times (x 70B)
Class com.intellij.util.ExceptionUtilRt                                               : loaded 4 times (x 71B)
Class jdk.internal.jimage.decompressor.ZipDecompressorFactory                         : loaded 3 times (x 74B)
Class kotlin.collections.SetsKt___SetsKt                                              : loaded 3 times (x 71B)
Class jdk.internal.jimage.decompressor.ResourceDecompressorFactory                    : loaded 3 times (x 74B)
Class kotlin.sequences.SequencesKt__SequencesKt                                       : loaded 3 times (x 71B)
Class kotlin.ranges.RangesKt__RangesKt                                                : loaded 3 times (x 71B)
Class com.google.common.collect.SortedIterable                                        : loaded 3 times (x 70B)
Class kotlin.comparisons.ComparisonsKt                                                : loaded 3 times (x 71B)
Class kotlin.comparisons.ComparisonsKt___ComparisonsKt                                : loaded 3 times (x 71B)
Class kotlin.Result$Companion                                                         : loaded 3 times (x 71B)
Class kotlin.coroutines.jvm.internal.BaseContinuationImpl                             : loaded 3 times (x 87B)
Class kotlin.text.CharsKt__CharJVMKt                                                  : loaded 3 times (x 71B)
Class kotlin.sequences.FilteringSequence                                              : loaded 3 times (x 75B)
Class com.google.common.collect.SingletonImmutableSet                                 : loaded 3 times (x 146B)
Class kotlin.UninitializedPropertyAccessException                                     : loaded 3 times (x 82B)
Class com.google.common.base.CharMatcher$BitSetMatcher                                : loaded 3 times (x 112B)
Class kotlin.coroutines.Continuation                                                  : loaded 3 times (x 70B)
Class kotlin.comparisons.ComparisonsKt__ComparisonsKt                                 : loaded 3 times (x 71B)
Class kotlin.Metadata                                                                 : loaded 3 times (x 70B)
Class com.google.common.collect.ImmutableSet                                          : loaded 3 times (x 145B)
Class kotlin.jvm.internal.FunctionReferenceImpl                                       : loaded 3 times (x 122B)
Class kotlin.collections.CollectionsKt___CollectionsJvmKt                             : loaded 3 times (x 71B)
Class kotlin.text.RegexKt                                                             : loaded 3 times (x 71B)
Class kotlin.TuplesKt                                                                 : loaded 3 times (x 71B)
Class com.google.common.collect.Lists$ReverseList$1                                   : loaded 3 times (x 99B)
Class kotlin.coroutines.intrinsics.IntrinsicsKt__IntrinsicsKt                         : loaded 3 times (x 71B)
Class com.google.common.collect.ImmutableRangeSet$Builder                             : loaded 3 times (x 77B)
Class kotlin.collections.MapsKt__MapsKt                                               : loaded 3 times (x 71B)
Class kotlin.jvm.internal.markers.KMutableIterable                                    : loaded 3 times (x 70B)
Class kotlin.sequences.SequencesKt___SequencesJvmKt                                   : loaded 3 times (x 71B)
Class kotlin.Unit                                                                     : loaded 3 times (x 71B)
Class com.google.common.collect.ImmutableList$ReverseImmutableList                    : loaded 3 times (x 209B)
Class kotlin.reflect.KFunction                                                        : loaded 3 times (x 70B)
Class kotlin.collections.ArrayDeque                                                   : loaded 3 times (x 207B)
Class com.google.common.base.CharMatcher$Or                                           : loaded 3 times (x 112B)
Class kotlin.ranges.RangesKt                                                          : loaded 3 times (x 71B)
Class com.google.common.collect.SingletonImmutableList                                : loaded 3 times (x 207B)
Class kotlin.collections.SetsKt                                                       : loaded 3 times (x 71B)
Class com.google.common.base.CharMatcher$ForPredicate                                 : loaded 3 times (x 112B)
Class kotlin.text.StringsKt__IndentKt                                                 : loaded 3 times (x 71B)
Class kotlin.sequences.FlatteningSequence$iterator$1                                  : loaded 3 times (x 79B)
Class kotlin.io.FilesKt__UtilsKt                                                      : loaded 3 times (x 71B)
Class kotlin.collections.CollectionsKt__CollectionsJVMKt                              : loaded 3 times (x 71B)
Class kotlin.collections.ArraysUtilJVM                                                : loaded 3 times (x 71B)
Class kotlin.jvm.functions.Function0                                                  : loaded 3 times (x 70B)
Class com.google.common.collect.NullnessCasts                                         : loaded 3 times (x 71B)
Class kotlin.text.StringsKt__StringsJVMKt                                             : loaded 3 times (x 71B)
Class kotlin.collections.IntIterator                                                  : loaded 3 times (x 82B)
Class jdk.internal.jimage.decompressor.ResourceDecompressor                           : loaded 3 times (x 70B)
Class org.gradle.internal.Cast                                                        : loaded 3 times (x 71B)
Class org.gradle.api.Action                                                           : loaded 3 times (x 70B)
Class com.google.common.base.CharMatcher$AnyOf                                        : loaded 3 times (x 112B)
Class jdk.internal.jimage.decompressor.ZipDecompressor                                : loaded 3 times (x 75B)
Class kotlin.text.StringsKt__StringBuilderJVMKt                                       : loaded 3 times (x 71B)
Class kotlin.collections.AbstractMutableList                                          : loaded 3 times (x 206B)
Class kotlin.sequences.SequencesKt__SequenceBuilderKt$sequence$$inlined$Sequence$1    : loaded 3 times (x 75B)
Class kotlin.Triple                                                                   : loaded 3 times (x 72B)
Class kotlin.text.Regex                                                               : loaded 3 times (x 72B)
Class kotlin.jvm.functions.Function1                                                  : loaded 3 times (x 70B)
Class kotlin.ranges.ClosedRange                                                       : loaded 3 times (x 70B)
Class kotlin.sequences.SequencesKt                                                    : loaded 3 times (x 71B)
Class com.google.common.base.CharMatcher$FastMatcher                                  : loaded 3 times (x 111B)
Class kotlin.collections.CollectionsKt__IteratorsKt                                   : loaded 3 times (x 71B)
Class kotlin.jvm.functions.Function2                                                  : loaded 3 times (x 70B)
Class kotlin.KotlinNothingValueException                                              : loaded 3 times (x 82B)
Class com.google.common.base.Predicate                                                : loaded 3 times (x 70B)
Class kotlin.collections.MapsKt___MapsJvmKt                                           : loaded 3 times (x 71B)
Class com.google.common.collect.AbstractRangeSet                                      : loaded 3 times (x 114B)
Class com.google.common.base.CharMatcher$NegatedFastMatcher                           : loaded 3 times (x 113B)
Class kotlin.jvm.functions.Function4                                                  : loaded 3 times (x 70B)
Class kotlin.annotation.Target                                                        : loaded 3 times (x 70B)
Class kotlin.collections.EmptySet                                                     : loaded 3 times (x 122B)
Class kotlin.collections.CollectionsKt___CollectionsKt                                : loaded 3 times (x 71B)
Class kotlin.internal.ProgressionUtilKt                                               : loaded 3 times (x 71B)
Class kotlin.io.FileAlreadyExistsException                                            : loaded 3 times (x 82B)
Class kotlin.Function                                                                 : loaded 3 times (x 70B)
Class kotlin.collections.SetsKt__SetsJVMKt                                            : loaded 3 times (x 71B)
Class org.gradle.api.GradleException                                                  : loaded 3 times (x 82B)
Class com.google.common.collect.ImmutableSet$CachingAsList                            : loaded 3 times (x 148B)
Class jdk.internal.jimage.BasicImageReader$2                                          : loaded 3 times (x 77B)
Class kotlin.collections.AbstractCollection                                           : loaded 3 times (x 117B)
Class kotlin.collections.AbstractList                                                 : loaded 3 times (x 197B)
Class kotlin.text.StringsKt                                                           : loaded 3 times (x 71B)
Class kotlin.annotation.Retention                                                     : loaded 3 times (x 70B)
Class kotlin.reflect.KDeclarationContainer                                            : loaded 3 times (x 70B)
Class kotlin.text.StringsKt___StringsJvmKt                                            : loaded 3 times (x 71B)
Class kotlin.collections.ArraysKt__ArraysKt                                           : loaded 3 times (x 71B)
Class kotlin.Result$Failure                                                           : loaded 3 times (x 72B)
Class kotlin.io.FilesKt                                                               : loaded 3 times (x 71B)
Class kotlin.ResultKt                                                                 : loaded 3 times (x 71B)
Class kotlin.collections.ArraysKt___ArraysKt                                          : loaded 3 times (x 71B)
Class kotlin.collections.MapsKt___MapsKt                                              : loaded 3 times (x 71B)
Class kotlin.collections.MapsKt__MapWithDefaultKt                                     : loaded 3 times (x 71B)
Class com.google.common.base.CharMatcher$And                                          : loaded 3 times (x 112B)
Class kotlin.sequences.SequencesKt__SequencesJVMKt                                    : loaded 3 times (x 71B)
Class kotlin.coroutines.jvm.internal.RestrictedSuspendLambda                          : loaded 3 times (x 91B)
Class kotlin.io.FilePathComponents                                                    : loaded 3 times (x 72B)
Class kotlin.collections.EmptyList                                                    : loaded 3 times (x 174B)
Class com.google.common.collect.ImmutableAsList                                       : loaded 3 times (x 209B)
Class kotlin.coroutines.jvm.internal.RestrictedContinuationImpl                       : loaded 3 times (x 87B)
Class kotlin.collections.MapsKt__MapsJVMKt                                            : loaded 3 times (x 71B)
Class kotlin.text.StringsKt___StringsKt                                               : loaded 3 times (x 71B)
Class kotlin.collections.CollectionsKt__MutableCollectionsJVMKt                       : loaded 3 times (x 71B)
Class kotlin.enums.EnumEntriesKt                                                      : loaded 3 times (x 71B)
Class org.gradle.internal.IoActions                                                   : loaded 3 times (x 71B)
Class jdk.internal.jrtfs.JrtDirectoryStream$1                                         : loaded 3 times (x 83B)
Class com.google.common.collect.Range                                                 : loaded 3 times (x 87B)
Class kotlin.text.CharsKt                                                             : loaded 3 times (x 71B)
Class com.google.common.collect.ImmutableRangeSet$ComplementRanges                    : loaded 3 times (x 207B)
Class com.google.common.collect.ImmutableSet$RegularSetBuilderImpl                    : loaded 3 times (x 77B)
Class com.google.common.collect.RegularImmutableAsList                                : loaded 3 times (x 217B)
Class kotlin.reflect.KAnnotatedElement                                                : loaded 3 times (x 70B)
Class com.google.common.collect.ImmutableRangeSet$1                                   : loaded 3 times (x 210B)
Class kotlin.jvm.internal.markers.KMutableCollection                                  : loaded 3 times (x 70B)
Class kotlin.reflect.KCallable                                                        : loaded 3 times (x 70B)
Class kotlin.io.FilesKt__FilePathComponentsKt                                         : loaded 3 times (x 71B)
Class kotlin.io.TerminateException                                                    : loaded 3 times (x 82B)
Class kotlin.coroutines.intrinsics.IntrinsicsKt                                       : loaded 3 times (x 71B)
Class kotlin.ranges.IntRange$Companion                                                : loaded 3 times (x 71B)
Class kotlin.collections.EmptyMap                                                     : loaded 3 times (x 108B)
Class com.google.common.collect.ImmutableList$Builder                                 : loaded 3 times (x 77B)
Class jdk.internal.jimage.ImageReader$Resource                                        : loaded 3 times (x 84B)
Class [Lkotlin.Pair;                                                                  : loaded 3 times (x 69B)
Class kotlin.jvm.internal.markers.KMutableList                                        : loaded 3 times (x 70B)
Class kotlin.io.FilesKt__FileReadWriteKt                                              : loaded 3 times (x 71B)
Class kotlin.jvm.internal.Intrinsics                                                  : loaded 3 times (x 71B)
Class kotlin.text.StringsKt__RegexExtensionsKt                                        : loaded 3 times (x 71B)
Class kotlin.collections.EmptyIterator                                                : loaded 3 times (x 89B)
Class kotlin.text.StringsKt__StringNumberConversionsKt                                : loaded 3 times (x 71B)
Class kotlin.collections.CollectionsKt__MutableCollectionsKt                          : loaded 3 times (x 71B)
Class kotlin.coroutines.intrinsics.CoroutineSingletons                                : loaded 3 times (x 79B)
Class kotlin.collections.MapsKt                                                       : loaded 3 times (x 71B)
Class kotlin.collections.CollectionsKt__IterablesKt                                   : loaded 3 times (x 71B)
Class kotlin.Pair                                                                     : loaded 3 times (x 72B)
Class kotlin.sequences.TransformingSequence$iterator$1                                : loaded 3 times (x 79B)
Class jdk.internal.jimage.decompressor.CompressedResourceHeader                       : loaded 3 times (x 71B)
Class kotlin.sequences.SequenceBuilderIterator                                        : loaded 3 times (x 85B)
Class jdk.internal.jimage.decompressor.ResourceDecompressorRepository                 : loaded 3 times (x 71B)
Class kotlin.ranges.OpenEndRange                                                      : loaded 3 times (x 70B)
Class kotlin.KotlinNullPointerException                                               : loaded 3 times (x 83B)
Class kotlin.Result                                                                   : loaded 3 times (x 72B)
Class com.google.common.base.Joiner                                                   : loaded 3 times (x 79B)
Class kotlin.ranges.RangesKt___RangesKt                                               : loaded 3 times (x 71B)
Class kotlin.collections.CollectionsKt__IteratorsJVMKt                                : loaded 3 times (x 71B)
Class jdk.internal.jrtfs.JrtFileAttributes                                            : loaded 3 times (x 83B)
Class kotlin.sequences.SequencesKt___SequencesKt$sortedWith$1                         : loaded 3 times (x 75B)
Class kotlin.comparisons.ComparisonsKt___ComparisonsJvmKt                             : loaded 3 times (x 71B)
Class com.google.common.base.CharMatcher$Negated                                      : loaded 3 times (x 113B)
Class jdk.internal.jrtfs.SystemImage$2                                                : loaded 3 times (x 76B)
Class com.google.common.collect.ImmutableCollection$Builder                           : loaded 3 times (x 76B)
Class com.google.common.base.CharMatcher$Is                                           : loaded 3 times (x 111B)
Class kotlin.collections.ArrayDeque$Companion                                         : loaded 3 times (x 71B)
Class kotlin.text.CharsKt__CharKt                                                     : loaded 3 times (x 71B)
Class kotlin.collections.ArraysKt                                                     : loaded 3 times (x 71B)
Class com.google.common.collect.ImmutableRangeSet$AsSet                               : loaded 3 times (x 300B)
Class kotlin.enums.EnumEntriesList                                                    : loaded 3 times (x 223B)
Class kotlin.jvm.internal.FunctionBase                                                : loaded 3 times (x 70B)
Class [Lkotlin.coroutines.intrinsics.CoroutineSingletons;                             : loaded 3 times (x 69B)
Class kotlin.jvm.internal.FunctionReference                                           : loaded 3 times (x 122B)
Class jdk.internal.jrtfs.SystemImage$1                                                : loaded 3 times (x 78B)
Class kotlin.coroutines.EmptyCoroutineContext                                         : loaded 3 times (x 77B)
Class com.google.common.collect.ImmutableSortedSet                                    : loaded 3 times (x 300B)
Class com.google.common.collect.Lists$ReverseList                                     : loaded 3 times (x 200B)
Class kotlin.collections.SetsKt__SetsKt                                               : loaded 3 times (x 71B)
Class jdk.internal.jimage.ImageReader$SharedImageReader$LocationVisitor               : loaded 3 times (x 70B)
Class kotlin.text.Regex$Companion                                                     : loaded 3 times (x 71B)
Class jdk.internal.jimage.ImageReader$LinkNode                                        : loaded 3 times (x 84B)
Class kotlin.collections.CollectionsKt__CollectionsKt                                 : loaded 3 times (x 71B)
Class kotlin.collections.ArraysKt___ArraysJvmKt                                       : loaded 3 times (x 71B)
Class kotlin.text.StringsKt__RegexExtensionsJVMKt                                     : loaded 3 times (x 71B)
Class com.google.common.base.Joiner$1                                                 : loaded 3 times (x 80B)
Class com.google.common.base.CharMatcher                                              : loaded 3 times (x 111B)
Class jdk.internal.jrtfs.JrtFileStore                                                 : loaded 3 times (x 83B)
Class kotlin.collections.ArraysKt__ArraysJVMKt                                        : loaded 3 times (x 71B)
Class com.google.common.base.Joiner$2                                                 : loaded 3 times (x 79B)
Class com.google.common.base.CharMatcher$1                                            : loaded 3 times (x 113B)
Class com.google.common.base.CharMatcher$NamedFastMatcher                             : loaded 3 times (x 112B)
Class kotlin.jvm.internal.CallableReference$NoReceiver                                : loaded 3 times (x 71B)
Class kotlin.text.StringsKt__StringBuilderKt                                          : loaded 3 times (x 71B)
Class com.google.common.collect.RangeSet                                              : loaded 3 times (x 70B)
Class kotlin.NoWhenBranchMatchedException                                             : loaded 3 times (x 82B)
Class com.google.common.base.CharMatcher$IsNot                                        : loaded 3 times (x 111B)
Class kotlin.jvm.internal.DefaultConstructorMarker                                    : loaded 3 times (x 71B)
Class kotlin.jvm.internal.Intrinsics$Kotlin                                           : loaded 3 times (x 71B)
Class kotlin.collections.CollectionsKt___CollectionsKt$asSequence$$inlined$Sequence$1 : loaded 3 times (x 75B)
Class kotlin.jvm.internal.CallableReference                                           : loaded 3 times (x 106B)
Class jdk.internal.jrtfs.SystemImage                                                  : loaded 3 times (x 74B)
Class com.google.common.base.CharMatcher$InRange                                      : loaded 3 times (x 111B)
Class kotlin.sequences.Sequence                                                       : loaded 3 times (x 70B)
Class kotlin.text.StringsKt__StringNumberConversionsJVMKt                             : loaded 3 times (x 71B)
Class kotlin.sequences.SequenceScope                                                  : loaded 3 times (x 73B)
Class kotlin.jvm.internal.markers.KMappedMarker                                       : loaded 3 times (x 70B)
Class jdk.internal.jrtfs.JrtDirectoryStream                                           : loaded 3 times (x 89B)
Class kotlin.coroutines.jvm.internal.SuspendFunction                                  : loaded 3 times (x 70B)
Class com.google.common.collect.RegularImmutableSortedSet                             : loaded 3 times (x 300B)
Class com.google.common.collect.ImmutableRangeSet                                     : loaded 3 times (x 115B)
Class kotlin.text.StringsKt__AppendableKt                                             : loaded 3 times (x 71B)
Class kotlin.sequences.SequencesKt___SequencesKt$flatMap$2                            : loaded 3 times (x 125B)
Class jdk.internal.jrtfs.ExplodedImage                                                : loaded 3 times (x 77B)
Class com.google.common.collect.ImmutableSet$SetBuilderImpl                           : loaded 3 times (x 76B)
Class kotlin.io.FileSystemException                                                   : loaded 3 times (x 82B)
Class kotlin.jvm.internal.Ref$BooleanRef                                              : loaded 3 times (x 71B)
Class kotlin.jvm.internal.StringCompanionObject                                       : loaded 3 times (x 71B)
Class kotlin.coroutines.intrinsics.IntrinsicsKt__IntrinsicsJvmKt                      : loaded 3 times (x 71B)
Class kotlin.ranges.IntRange                                                          : loaded 3 times (x 93B)
Class kotlin.coroutines.jvm.internal.CoroutineStackFrame                              : loaded 3 times (x 70B)
Class kotlin.collections.AbstractList$Companion                                       : loaded 3 times (x 71B)
Class kotlin.sequences.SequencesKt___SequencesKt                                      : loaded 3 times (x 71B)
Class com.google.common.collect.ForwardingObject                                      : loaded 3 times (x 72B)
Class com.google.common.collect.ImmutableList$SubList                                 : loaded 3 times (x 209B)
Class kotlin.io.NoSuchFileException                                                   : loaded 3 times (x 82B)
Class kotlin.collections.CollectionsKt                                                : loaded 3 times (x 71B)
Class kotlin.sequences.TransformingSequence                                           : loaded 3 times (x 75B)
Class kotlin.ranges.IntProgressionIterator                                            : loaded 3 times (x 82B)
Class kotlin.coroutines.jvm.internal.DebugProbesKt                                    : loaded 3 times (x 71B)
Class kotlin.coroutines.CoroutineContext                                              : loaded 3 times (x 70B)
Class jdk.internal.jimage.decompressor.StringSharingDecompressorFactory               : loaded 3 times (x 74B)
Class kotlin.ranges.IntProgression$Companion                                          : loaded 3 times (x 71B)
Class com.google.common.collect.RegularImmutableList                                  : loaded 3 times (x 213B)
Class com.google.common.collect.RegularImmutableSet                                   : loaded 3 times (x 149B)
Class jdk.internal.jimage.decompressor.ResourceDecompressor$StringsProvider           : loaded 3 times (x 70B)
Class com.google.common.collect.ImmutableList$1                                       : loaded 3 times (x 97B)
Class com.google.common.base.CharMatcher$IsEither                                     : loaded 3 times (x 111B)
Class kotlin.enums.EnumEntries                                                        : loaded 3 times (x 70B)
Class kotlin.jvm.KotlinReflectionNotSupportedError                                    : loaded 3 times (x 82B)
Class kotlin.collections.CollectionsKt__ReversedViewsKt                               : loaded 3 times (x 71B)
Class kotlin.sequences.SequencesKt__SequenceBuilderKt                                 : loaded 3 times (x 71B)
Class kotlin.sequences.FilteringSequence$iterator$1                                   : loaded 3 times (x 79B)
Class kotlin.ranges.IntProgression                                                    : loaded 3 times (x 81B)
Class kotlin.jvm.internal.CollectionToArray                                           : loaded 3 times (x 71B)
Class kotlin.io.FilesKt__FileTreeWalkKt                                               : loaded 3 times (x 71B)
Class kotlin.NotImplementedError                                                      : loaded 3 times (x 82B)
Class kotlin.text.StringsKt__StringsKt                                                : loaded 3 times (x 71B)
Class kotlin.sequences.FlatteningSequence                                             : loaded 3 times (x 75B)
Class com.google.common.base.Function                                                 : loaded 3 times (x 70B)
Class com.google.common.collect.Lists$RandomAccessReverseList                         : loaded 3 times (x 200B)
Class org.gradle.tooling.internal.gradle.GradleBuildIdentity                          : loaded 2 times (x 70B)
Class kotlin.jvm.internal.markers.KMutableListIterator                                : loaded 2 times (x 70B)
Class kotlinx.coroutines.CoroutineDispatcher                                          : loaded 2 times (x 99B)
Class com.google.common.base.Equivalence                                              : loaded 2 times (x 82B)
Class com.android.builder.model.v2.ide.TestInfo                                       : loaded 2 times (x 70B)
Class com.google.common.collect.ImmutableMultimap                                     : loaded 2 times (x 147B)
Class com.google.common.base.Predicates                                               : loaded 2 times (x 71B)
Class kotlinx.coroutines.CompletionStateKt                                            : loaded 2 times (x 71B)
Class kotlin.sequences.DropWhileSequence                                              : loaded 2 times (x 75B)
Class org.gradle.tooling.model.kotlin.dsl.KotlinDslScriptsModel                       : loaded 2 times (x 70B)
Class org.gradle.internal.time.TimeSource                                             : loaded 2 times (x 70B)
Class com.google.common.collect.IndexedImmutableSet$1                                 : loaded 2 times (x 213B)
Class org.apache.commons.io.output.AbstractByteArrayOutputStream                      : loaded 2 times (x 102B)
Class [Lorg.jetbrains.kotlin.cli.common.CompilerSystemProperties;                     : loaded 2 times (x 69B)
Class com.android.builder.model.v2.ide.JavaCompileOptions                             : loaded 2 times (x 70B)
Class com.google.common.cache.CacheBuilder$OneWeigher                                 : loaded 2 times (x 82B)
Class org.gradle.tooling.model.idea.IdeaDependencyScope                               : loaded 2 times (x 70B)
Class org.gradle.tooling.internal.adapter.ProtocolToModelAdapter$MixInMappingAction   : loaded 2 times (x 80B)
Class org.gradle.internal.exceptions.ResolutionProvider                               : loaded 2 times (x 70B)
Class [Lorg.gradle.api.JavaVersion;                                                   : loaded 2 times (x 69B)
Class com.google.common.collect.ImmutableMapEntry                                     : loaded 2 times (x 85B)
Class kotlin.text.StringsKt__StringsKt$lineSequence$$inlined$Sequence$1               : loaded 2 times (x 75B)
Class com.google.common.reflect.Types$TypeVariableInvocationHandler                   : loaded 2 times (x 75B)
Class [Lcom.google.common.collect.HashBiMap$BiEntry;                                  : loaded 2 times (x 69B)
Class kotlinx.coroutines.ThreadLocalEventLoop                                         : loaded 2 times (x 71B)
Class kotlin.coroutines.AbstractCoroutineContextElement                               : loaded 2 times (x 89B)
Class kotlinx.coroutines.BlockingEventLoop                                            : loaded 2 times (x 117B)
Class com.google.common.collect.Maps$EntryFunction                                    : loaded 2 times (x 91B)
Class com.google.common.reflect.Types$ClassOwnership$1LocalClass                      : loaded 2 times (x 71B)
Class kotlin.text.MatchResult$DefaultImpls                                            : loaded 2 times (x 71B)
Class org.gradle.tooling.model.idea.IdeaCompilerOutput                                : loaded 2 times (x 70B)
Class org.gradle.tooling.model.ProjectIdentifier                                      : loaded 2 times (x 70B)
Class org.gradle.internal.classloader.ClasspathUtil                                   : loaded 2 times (x 71B)
Class kotlin.sequences.EmptySequence                                                  : loaded 2 times (x 78B)
Class kotlin.jvm.internal.markers.KMutableMap                                         : loaded 2 times (x 70B)
Class kotlin.collections.builders.SetBuilder                                          : loaded 2 times (x 143B)
Class kotlinx.coroutines.NonDisposableHandle                                          : loaded 2 times (x 78B)
Class kotlin.properties.ReadOnlyProperty                                              : loaded 2 times (x 70B)
Class kotlin.collections.AbstractList$SubList                                         : loaded 2 times (x 198B)
Class com.google.common.math.IntMath                                                  : loaded 2 times (x 71B)
Class com.google.common.collect.AbstractMapBasedMultimap$KeySet                       : loaded 2 times (x 137B)
Class com.google.common.collect.Streams                                               : loaded 2 times (x 71B)
Class kotlin.collections.AbstractList$IteratorImpl                                    : loaded 2 times (x 82B)
Class kotlin.collections.AbstractMap                                                  : loaded 2 times (x 122B)
Class com.android.builder.model.v2.ide.ComponentInfo                                  : loaded 2 times (x 70B)
Class com.google.common.util.concurrent.Uninterruptibles                              : loaded 2 times (x 71B)
Class org.jetbrains.kotlin.tooling.core.HasExtras                                     : loaded 2 times (x 70B)
Class com.android.builder.model.v2.ide.ProjectType                                    : loaded 2 times (x 79B)
Class com.google.common.collect.ComparisonChain                                       : loaded 2 times (x 80B)
Class org.gradle.internal.service.CachingServiceLocator                               : loaded 2 times (x 82B)
Class kotlin.sequences.DistinctSequence                                               : loaded 2 times (x 75B)
Class kotlin.jvm.internal.PropertyReference1                                          : loaded 2 times (x 127B)
Class com.google.common.cache.LocalCache$LocalManualCache                             : loaded 2 times (x 99B)
Class com.google.common.base.CommonPattern                                            : loaded 2 times (x 74B)
Class com.android.builder.model.v2.ide.LibraryInfo                                    : loaded 2 times (x 70B)
Class org.apache.commons.io.CloseableURLConnection                                    : loaded 2 times (x 116B)
Class com.google.common.collect.ImmutableMap$SerializedForm                           : loaded 2 times (x 73B)
Class kotlin.jvm.internal.EnumCompanionObject                                         : loaded 2 times (x 71B)
Class com.google.common.io.CharSource                                                 : loaded 2 times (x 85B)
Class com.android.builder.model.v2.dsl.BaseConfig                                     : loaded 2 times (x 70B)
Class com.google.common.util.concurrent.LazyLogger                                    : loaded 2 times (x 72B)
Class com.google.common.collect.Maps                                                  : loaded 2 times (x 71B)
Class org.gradle.internal.time.TimeSource$1                                           : loaded 2 times (x 77B)
Class org.gradle.api.specs.Spec                                                       : loaded 2 times (x 70B)
Class org.gradle.internal.classloader.ClassLoaderFactory                              : loaded 2 times (x 70B)
Class kotlin.jvm.internal.MutablePropertyReference                                    : loaded 2 times (x 119B)
Class kotlin.UnsafeLazyImpl                                                           : loaded 2 times (x 76B)
Class kotlin.LazyKt__LazyJVMKt$WhenMappings                                           : loaded 2 times (x 71B)
Class [Lcom.google.common.cache.LocalCache$EntryFactory;                              : loaded 2 times (x 69B)
Class kotlinx.coroutines.scheduling.SchedulerCoroutineDispatcher                      : loaded 2 times (x 112B)
Class kotlinx.coroutines.ChildHandleNode                                              : loaded 2 times (x 94B)
Class kotlin.jvm.internal.MutablePropertyReference1Impl                               : loaded 2 times (x 137B)
Class [Lkotlin.sequences.Sequence;                                                    : loaded 2 times (x 69B)
Class org.gradle.internal.service.ServiceLookupException                              : loaded 2 times (x 82B)
Class org.apache.commons.io.file.PathFilter                                           : loaded 2 times (x 70B)
Class com.google.common.reflect.Types$JavaVersion                                     : loaded 2 times (x 83B)
Class [Lcom.google.common.collect.ImmutableEntry;                                     : loaded 2 times (x 69B)
Class kotlin.jvm.internal.ArrayIterator                                               : loaded 2 times (x 79B)
Class kotlin.LazyThreadSafetyMode                                                     : loaded 2 times (x 79B)
Class kotlinx.coroutines.CoroutineContextKt                                           : loaded 2 times (x 71B)
Class org.gradle.internal.time.MonotonicClock                                         : loaded 2 times (x 77B)
Class kotlin.text.MatchNamedGroupCollection                                           : loaded 2 times (x 70B)
Class com.google.common.collect.UsingToStringOrdering                                 : loaded 2 times (x 114B)
Class com.google.common.collect.Maps$EntryTransformer                                 : loaded 2 times (x 70B)
Class com.google.common.reflect.TypeResolver$TypeTable$1                              : loaded 2 times (x 73B)
Class com.google.common.collect.Sets$3$1                                              : loaded 2 times (x 82B)
Class com.google.common.cache.LocalCache$LoadingValueReference                        : loaded 2 times (x 96B)
Class org.jetbrains.kotlin.cli.common.CompilerSystemProperties$value$1                : loaded 2 times (x 125B)
Class kotlin.jvm.internal.SpreadBuilder                                               : loaded 2 times (x 76B)
Class kotlinx.coroutines.internal.SystemPropsKt__SystemPropsKt                        : loaded 2 times (x 71B)
Class kotlinx.coroutines.internal.DispatchedContinuation                              : loaded 2 times (x 90B)
Class kotlinx.coroutines.internal.Symbol                                              : loaded 2 times (x 72B)
Class kotlinx.coroutines.scheduling.TasksKt                                           : loaded 2 times (x 71B)
Class kotlin.SynchronizedLazyImpl                                                     : loaded 2 times (x 76B)
Class kotlinx.coroutines.ChildJob                                                     : loaded 2 times (x 70B)
Class org.gradle.util.internal.DefaultGradleVersion$Stage                             : loaded 2 times (x 75B)
Class com.google.common.cache.CacheLoader$SupplierToCacheLoader                       : loaded 2 times (x 75B)
Class org.objectweb.asm.RecordComponentVisitor                                        : loaded 2 times (x 77B)
Class com.google.common.collect.ImmutableMultiset                                     : loaded 2 times (x 163B)
Class com.google.common.reflect.TypeResolver$TypeTable                                : loaded 2 times (x 73B)
Class org.apache.http.client.methods.AbortableHttpRequest                             : loaded 2 times (x 70B)
Class com.google.common.io.CharStreams                                                : loaded 2 times (x 71B)
Class kotlin.LazyKt__LazyJVMKt                                                        : loaded 2 times (x 71B)
Class kotlin.coroutines.CoroutineContext$Key                                          : loaded 2 times (x 70B)
Class com.google.common.io.LineReader$1                                               : loaded 2 times (x 75B)
Class com.google.common.collect.CollectSpliterators                                   : loaded 2 times (x 71B)
Class com.google.common.reflect.Invokable$MethodInvokable                             : loaded 2 times (x 107B)
Class com.google.common.collect.AbstractMapBasedMultimap$AsMap                        : loaded 2 times (x 128B)
Class com.google.common.base.Platform                                                 : loaded 2 times (x 71B)
Class org.gradle.internal.time.Clock                                                  : loaded 2 times (x 70B)
Class com.google.common.base.FunctionalEquivalence                                    : loaded 2 times (x 83B)
Class kotlin.jvm.internal.CharCompanionObject                                         : loaded 2 times (x 71B)
Class com.google.common.util.concurrent.AbstractFuture                                : loaded 2 times (x 106B)
Class com.google.common.collect.AbstractMapBasedMultimap                              : loaded 2 times (x 139B)
Class [Lcom.android.builder.model.v2.ide.CodeShrinker;                                : loaded 2 times (x 69B)
Class kotlin.jvm.internal.markers.KMutableSet                                         : loaded 2 times (x 70B)
Class kotlin.properties.NotNullVar                                                    : loaded 2 times (x 79B)
Class com.google.devtools.ksp.processing.KspGradleLogger$Companion                    : loaded 2 times (x 71B)
Class com.google.common.base.Converter                                                : loaded 2 times (x 90B)
Class com.google.common.cache.ReferenceEntry                                          : loaded 2 times (x 70B)
Class com.google.common.util.concurrent.ListenableFuture                              : loaded 2 times (x 70B)
Class org.apache.http.message.AbstractHttpMessage                                     : loaded 2 times (x 108B)
Class kotlin.collections.AbstractSet                                                  : loaded 2 times (x 135B)
Class kotlinx.coroutines.EventLoop                                                    : loaded 2 times (x 105B)
Class kotlin.collections.builders.MapBuilder$Itr                                      : loaded 2 times (x 72B)
Class sync_studio_tooling3_djb9bg57dm1rkfjto3lllsbmd                                  : loaded 2 times (x 171B)
Class com.google.common.collect.AbstractMapBasedMultimap$WrappedList                  : loaded 2 times (x 205B)
Class com.android.builder.model.v2.dsl.ProductFlavor                                  : loaded 2 times (x 70B)
Class [Lcom.android.builder.model.v2.ide.TestInfo$Execution;                          : loaded 2 times (x 69B)
Class [Lorg.objectweb.asm.AnnotationWriter;                                           : loaded 2 times (x 69B)
Class com.google.common.collect.Maps$8                                                : loaded 2 times (x 82B)
Class com.google.common.collect.CompoundOrdering                                      : loaded 2 times (x 115B)
Class org.gradle.tooling.internal.adapter.TypeInspector                               : loaded 2 times (x 73B)
Class org.gradle.tooling.internal.adapter.ProtocolToModelAdapter$NoOpDecoration       : loaded 2 times (x 79B)
Class org.gradle.tooling.model.Element                                                : loaded 2 times (x 70B)
Class kotlin.collections.MutableMapWithDefaultImpl                                    : loaded 2 times (x 144B)
Class kotlin.KotlinVersionCurrentValue                                                : loaded 2 times (x 71B)
Class kotlin.collections.IndexedValue                                                 : loaded 2 times (x 72B)
Class kotlin.collections.AbstractMutableMap                                           : loaded 2 times (x 128B)
Class kotlinx.coroutines.EventLoopKt                                                  : loaded 2 times (x 71B)
Class org.gradle.api.internal.classpath.DefaultModuleRegistry                         : loaded 2 times (x 86B)
Class kotlin.collections.ArrayAsCollection                                            : loaded 2 times (x 105B)
Class kotlin.LazyKt__LazyKt                                                           : loaded 2 times (x 71B)
Class com.google.common.collect.Lists$TransformingRandomAccessList                    : loaded 2 times (x 199B)
Class com.android.builder.model.v2.models.ModelBuilderParameter                       : loaded 2 times (x 70B)
Class com.google.common.collect.ImmutableSortedAsList                                 : loaded 2 times (x 221B)
Class com.google.common.cache.LocalCache$LocalManualCache$1                           : loaded 2 times (x 75B)
Class com.android.builder.model.v2.ide.Installation                                   : loaded 2 times (x 70B)
Class com.google.common.collect.ImmutableMultimap$Values                              : loaded 2 times (x 126B)
Class com.google.common.collect.Iterators$6                                           : loaded 2 times (x 81B)
Class com.google.common.base.Predicates$CompositionPredicate                          : loaded 2 times (x 88B)
Class kotlinx.coroutines.Job$Key                                                      : loaded 2 times (x 71B)
Class kotlin.time.Duration$Companion                                                  : loaded 2 times (x 71B)
Class com.google.common.collect.Sets$SetView                                          : loaded 2 times (x 138B)
Class com.google.common.cache.LocalCache$StrongValueReference                         : loaded 2 times (x 90B)
Class org.jetbrains.kotlin.tooling.core.Extras                                        : loaded 2 times (x 70B)
Class kotlin.jvm.internal.ReflectionFactory                                           : loaded 2 times (x 91B)
Class kotlin.jvm.internal.Ref$ObjectRef                                               : loaded 2 times (x 72B)
Class kotlin.UNINITIALIZED_VALUE                                                      : loaded 2 times (x 71B)
Class [Lkotlin.jvm.internal.markers.KMappedMarker;                                    : loaded 2 times (x 69B)
Class org.gradle.tooling.internal.adapter.ObjectGraphAdapter                          : loaded 2 times (x 70B)
Class com.android.ide.common.repository.AgpVersion$PreviewKind$Companion              : loaded 2 times (x 71B)
Class com.google.common.util.concurrent.internal.InternalFutureFailureAccess          : loaded 2 times (x 72B)
Class com.google.common.collect.ImmutableSet$JdkBackedSetBuilderImpl                  : loaded 2 times (x 76B)
Class com.google.common.graph.SuccessorsFunction                                      : loaded 2 times (x 70B)
Class org.objectweb.asm.Type                                                          : loaded 2 times (x 72B)
Class org.gradle.tooling.model.internal.ImmutableDomainObjectSet                      : loaded 2 times (x 155B)
Class org.gradle.internal.classloader.VisitableURLClassLoader$InstrumentingVisitableURLClassLoader: loaded 2 times (x 123B)
Class kotlin.collections.ReversedListReadOnly$listIterator$1                          : loaded 2 times (x 90B)
Class com.google.common.base.Splitter$SplittingIterator                               : loaded 2 times (x 84B)
Class kotlin.jvm.internal.ClassBasedDeclarationContainer                              : loaded 2 times (x 70B)
Class kotlinx.coroutines.Job$DefaultImpls                                             : loaded 2 times (x 71B)
Class kotlin.coroutines.CoroutineContext$Element$DefaultImpls                         : loaded 2 times (x 71B)
Class org.apache.commons.io.output.NullWriter                                         : loaded 2 times (x 99B)
Class com.google.devtools.ksp.processing.KSPLogger                                    : loaded 2 times (x 70B)
Class kotlin.jvm.internal.DoubleCompanionObject                                       : loaded 2 times (x 71B)
Class org.gradle.internal.installation.GradleInstallation$1                           : loaded 2 times (x 75B)
Class org.gradle.api.internal.classpath.ModuleRegistry                                : loaded 2 times (x 70B)
Class sync_studio_tooling11_975x2vpddarhd95hbbp2qtxpe                                 : loaded 2 times (x 171B)
Class com.google.common.collect.ImmutableBiMap                                        : loaded 2 times (x 143B)
Class com.google.common.cache.CacheLoader                                             : loaded 2 times (x 74B)
Class [Lorg.objectweb.asm.SymbolTable$Entry;                                          : loaded 2 times (x 69B)
Class com.google.common.collect.AbstractListMultimap                                  : loaded 2 times (x 172B)
Class sync_studio_tooling13183_66a3acj9maks5j7bh1o5cfbab$_run_closure1                : loaded 2 times (x 139B)
Class sync_studio_tooling5_7q4sq650513c2s68sls2adwtk$_run_closure1                    : loaded 2 times (x 139B)
Class org.apache.commons.io.FileUtils                                                 : loaded 2 times (x 71B)
Class com.google.common.io.Files$FileByteSink                                         : loaded 2 times (x 77B)
Class com.android.builder.model.v2.ide.AndroidGradlePluginProjectFlags                : loaded 2 times (x 70B)
Class [Lcom.android.builder.model.v2.ide.AndroidGradlePluginProjectFlags$BooleanFlag; : loaded 2 times (x 69B)
Class com.android.builder.model.v2.ide.BasicVariant                                   : loaded 2 times (x 70B)
Class com.google.common.math.IntMath$1                                                : loaded 2 times (x 71B)
Class org.objectweb.asm.ByteVector                                                    : loaded 2 times (x 79B)
Class [Lcom.google.common.cache.CacheBuilder$NullListener;                            : loaded 2 times (x 69B)
Class org.gradle.internal.classloader.VisitableURLClassLoader$Spec                    : loaded 2 times (x 74B)
Class org.gradle.internal.classpath.DefaultClassPath                                  : loaded 2 times (x 90B)
Class com.android.builder.model.v2.models.ndk.NativeModule                            : loaded 2 times (x 70B)
Class [Lcom.google.common.base.Supplier;                                              : loaded 2 times (x 69B)
Class kotlin.SafePublicationLazyImpl                                                  : loaded 2 times (x 76B)
Class kotlin.time.DurationJvmKt                                                       : loaded 2 times (x 71B)
Class org.gradle.tooling.internal.adapter.ProtocolToModelAdapter$MethodInvocationCache: loaded 2 times (x 73B)
Class com.google.common.cache.LocalCache$Segment                                      : loaded 2 times (x 154B)
Class com.android.builder.model.v2.models.Versions                                    : loaded 2 times (x 70B)
Class com.google.devtools.ksp.processing.KspGradleLogger                              : loaded 2 times (x 79B)
Class com.android.builder.model.v2.ide.ArtifactDependenciesAdjacencyList              : loaded 2 times (x 70B)
Class com.android.builder.model.v2.ide.Library                                        : loaded 2 times (x 70B)
Class com.google.common.collect.AbstractMapBasedMultimap$AsMap$AsMapEntries           : loaded 2 times (x 138B)
Class com.google.common.reflect.TypeToken$2                                           : loaded 2 times (x 110B)
Class [Lorg.jetbrains.kotlin.cli.common.messages.CompilerMessageSeverity;             : loaded 2 times (x 69B)
Class kotlin.reflect.KProperty$Getter                                                 : loaded 2 times (x 70B)
Class kotlin.text.MatchResult$Destructured                                            : loaded 2 times (x 72B)
Class com.google.common.reflect.Types$ClassOwnership                                  : loaded 2 times (x 80B)
Class com.google.common.base.AbstractIterator                                         : loaded 2 times (x 80B)
Class com.android.builder.model.v2.ide.BundleInfo                                     : loaded 2 times (x 70B)
Class com.android.builder.model.v2.ide.SourceProvider                                 : loaded 2 times (x 70B)
Class org.objectweb.asm.Symbol                                                        : loaded 2 times (x 73B)
Class org.gradle.util.internal.DefaultGradleVersion                                   : loaded 2 times (x 82B)
Class kotlin.UInt$Companion                                                           : loaded 2 times (x 71B)
Class kotlin.UInt                                                                     : loaded 2 times (x 74B)
Class kotlin.reflect.KType                                                            : loaded 2 times (x 70B)
Class com.google.common.collect.ImmutableMap$IteratorBasedImmutableMap                : loaded 2 times (x 126B)
Class com.google.common.cache.LocalCache$ComputingValueReference                      : loaded 2 times (x 96B)
Class com.android.ide.common.repository.AgpVersion$PreviewKind$WhenMappings           : loaded 2 times (x 71B)
Class com.google.common.reflect.TypeToken$1                                           : loaded 2 times (x 110B)
Class com.google.devtools.ksp.processing.KSPJvmConfig                                 : loaded 2 times (x 72B)
Class com.google.common.io.Java8Compatibility                                         : loaded 2 times (x 71B)
Class com.google.common.collect.Sets$FilteredSet                                      : loaded 2 times (x 137B)
Class com.google.common.io.Closer                                                     : loaded 2 times (x 78B)
Class kotlin.collections.AbstractMutableSet                                           : loaded 2 times (x 142B)
Class kotlin.properties.Delegates                                                     : loaded 2 times (x 71B)
Class com.google.common.collect.RegularImmutableMap$Values                            : loaded 2 times (x 207B)
Class org.gradle.internal.classloader.ClassLoaderSpec                                 : loaded 2 times (x 71B)
Class kotlin.collections.ReversedListReadOnly                                         : loaded 2 times (x 198B)
Class kotlin.jvm.internal.LongCompanionObject                                         : loaded 2 times (x 71B)
Class kotlin.ranges.LongProgression$Companion                                         : loaded 2 times (x 71B)
Class kotlin.text.DelimitedRangesSequence                                             : loaded 2 times (x 75B)
Class org.gradle.tooling.model.Model                                                  : loaded 2 times (x 70B)
Class com.google.common.base.Suppliers$SupplierOfInstance                             : loaded 2 times (x 79B)
Class org.objectweb.asm.Edge                                                          : loaded 2 times (x 72B)
Class com.android.builder.model.v2.ide.Variant                                        : loaded 2 times (x 70B)
Class kotlin.jvm.internal.markers.KMutableMap$Entry                                   : loaded 2 times (x 70B)
Class org.objectweb.asm.SymbolTable$Entry                                             : loaded 2 times (x 74B)
Class org.jetbrains.kotlin.cli.common.arguments.Freezable                             : loaded 2 times (x 72B)
Class com.google.errorprone.annotations.DoNotMock                                     : loaded 2 times (x 70B)
Class com.google.common.io.ByteSource$EmptyByteSource                                 : loaded 2 times (x 85B)
Class org.objectweb.asm.AnnotationWriter                                              : loaded 2 times (x 79B)
Class com.google.common.cache.CacheStats                                              : loaded 2 times (x 71B)
Class kotlin.time.DurationKt                                                          : loaded 2 times (x 71B)
Class kotlin.jdk7.AutoCloseableKt                                                     : loaded 2 times (x 71B)
Class com.google.common.io.CharStreams$NullWriter                                     : loaded 2 times (x 99B)
Class kotlinx.coroutines.CoroutineDispatcher$Key                                      : loaded 2 times (x 72B)
Class kotlinx.coroutines.CoroutineStart$WhenMappings                                  : loaded 2 times (x 71B)
Class kotlin.jvm.internal.Lambda                                                      : loaded 2 times (x 75B)
Class [Lkotlinx.coroutines.CoroutineStart;                                            : loaded 2 times (x 69B)
Class [Lkotlin.reflect.KDeclarationContainer;                                         : loaded 2 times (x 69B)
Class kotlin.time.DurationUnitKt__DurationUnitKt                                      : loaded 2 times (x 71B)
Class kotlin.ranges.LongRange                                                         : loaded 2 times (x 93B)
Class com.google.common.base.JdkPattern                                               : loaded 2 times (x 75B)
Class [Lcom.google.common.reflect.Types$JavaVersion;                                  : loaded 2 times (x 69B)
Class com.google.common.io.Files$FileByteSource                                       : loaded 2 times (x 85B)
Class com.google.common.io.Closer$Suppressor                                          : loaded 2 times (x 70B)
Class com.google.common.io.LineProcessor                                              : loaded 2 times (x 70B)
Class com.google.common.collect.ImmutableMultisetGwtSerializationDependencies         : loaded 2 times (x 125B)
Class org.objectweb.asm.RecordComponentWriter                                         : loaded 2 times (x 78B)
Class com.google.common.util.concurrent.AbstractFuture$Listener                       : loaded 2 times (x 72B)
Class [Lcom.android.builder.model.v2.ide.ProjectType;                                 : loaded 2 times (x 69B)
Class kotlin.sequences.TakeWhileSequence$iterator$1                                   : loaded 2 times (x 79B)
Class Settings_gradle$1$1                                                             : loaded 2 times (x 74B)
Class org.gradle.tooling.internal.adapter.ProtocolToModelAdapter$DefaultViewBuilder   : loaded 2 times (x 80B)
Class kotlin.io.FileTreeWalk$DirectoryState                                           : loaded 2 times (x 73B)
Class org.gradle.internal.classpath.ClassPath                                         : loaded 2 times (x 70B)
Class kotlin.collections.AbstractSet$Companion                                        : loaded 2 times (x 71B)
Class Settings_gradle$1                                                               : loaded 2 times (x 74B)
Class com.google.common.cache.CacheBuilder                                            : loaded 2 times (x 72B)
Class com.android.builder.model.v2.AndroidModel                                       : loaded 2 times (x 70B)
Class com.android.builder.model.v2.models.AndroidProject                              : loaded 2 times (x 70B)
Class com.android.builder.model.v2.dsl.SigningConfig                                  : loaded 2 times (x 70B)
Class org.jetbrains.kotlin.cli.common.arguments.K2JVMCompilerArgumentsConfigurator    : loaded 2 times (x 74B)
Class com.google.common.io.ByteSink                                                   : loaded 2 times (x 76B)
Class org.jetbrains.kotlin.cli.common.messages.CompilerMessageSourceLocation          : loaded 2 times (x 70B)
Class org.jetbrains.kotlin.cli.common.messages.CompilerMessageLocationWithRange       : loaded 2 times (x 80B)
Class [Lcom.android.builder.model.v2.ide.AaptOptions$Namespacing;                     : loaded 2 times (x 69B)
Class org.objectweb.asm.Attribute                                                     : loaded 2 times (x 77B)
Class com.android.ide.common.gradle.Version$Companion$ParseState                      : loaded 2 times (x 70B)
Class com.google.common.base.Supplier                                                 : loaded 2 times (x 70B)
Class org.gradle.tooling.internal.adapter.ProtocolToModelAdapter$ViewGraphDetails$1   : loaded 2 times (x 77B)
Class org.gradle.internal.classloader.VisitableURLClassLoader                         : loaded 2 times (x 117B)
Class [Lkotlin.DeprecationLevel;                                                      : loaded 2 times (x 69B)
Class kotlin.sequences.GeneratorSequence                                              : loaded 2 times (x 75B)
Class kotlin.time.DurationUnit                                                        : loaded 2 times (x 79B)
Class com.google.common.reflect.TypeToken                                             : loaded 2 times (x 73B)
Class org.apache.commons.io.IOUtils                                                   : loaded 2 times (x 71B)
Class sync_studio_tooling7_9eg9a4f0g3d9juq3wmidcjmrf                                  : loaded 2 times (x 171B)
Class kotlinx.coroutines.ThreadContextElement                                         : loaded 2 times (x 70B)
Class kotlinx.coroutines.internal.SystemPropsKt__SystemProps_commonKt                 : loaded 2 times (x 71B)
Class kotlinx.coroutines.DispatchedTaskKt                                             : loaded 2 times (x 71B)
Class kotlin.jvm.internal.TypeIntrinsics                                              : loaded 2 times (x 71B)
Class org.gradle.internal.classpath.DefaultClassPath$ImmutableUniqueList              : loaded 2 times (x 199B)
Class org.gradle.api.internal.ClassPathRegistry                                       : loaded 2 times (x 70B)
Class com.google.common.collect.ImmutableList$SerializedForm                          : loaded 2 times (x 73B)
Class com.android.ide.common.repository.AgpVersion$Companion                          : loaded 2 times (x 71B)
Class Settings_gradle                                                                 : loaded 2 times (x 124B)
Class com.google.common.primitives.IntsMethodsForWeb                                  : loaded 2 times (x 71B)
Class com.android.builder.model.v2.ide.JavaArtifact                                   : loaded 2 times (x 70B)
Class org.gradle.tooling.model.idea.IdeaDependency                                    : loaded 2 times (x 70B)
Class com.google.common.collect.ImmutableMultimap$Keys                                : loaded 2 times (x 166B)
Class kotlin.properties.ReadWriteProperty                                             : loaded 2 times (x 70B)
Class com.google.common.reflect.Invokable$ConstructorInvokable                        : loaded 2 times (x 107B)
Class kotlinx.coroutines.CompletedExceptionally                                       : loaded 2 times (x 72B)
Class kotlin.coroutines.AbstractCoroutineContextKey                                   : loaded 2 times (x 72B)
Class org.apache.commons.io.file.DeleteOption                                         : loaded 2 times (x 70B)
Class com.google.common.collect.Maps$EntryFunction$2                                  : loaded 2 times (x 91B)
Class org.jetbrains.kotlin.cli.common.messages.MessageCollector                       : loaded 2 times (x 70B)
Class kotlin.reflect.KProperty                                                        : loaded 2 times (x 70B)
Class kotlin.jvm.internal.Reflection                                                  : loaded 2 times (x 71B)
Class kotlin.jvm.JvmClassMappingKt                                                    : loaded 2 times (x 71B)
Class sync_studio_tooling7_9eg9a4f0g3d9juq3wmidcjmrf$_run_closure1                    : loaded 2 times (x 139B)
Class com.google.common.collect.HashBiMap                                             : loaded 2 times (x 143B)
Class com.android.builder.model.v2.ide.AaptOptions                                    : loaded 2 times (x 70B)
Class [Lcom.android.builder.model.v2.ide.BytecodeTransformation;                      : loaded 2 times (x 69B)
Class com.google.common.base.Strings                                                  : loaded 2 times (x 71B)
Class com.google.common.collect.Sets                                                  : loaded 2 times (x 71B)
Class org.objectweb.asm.Handler                                                       : loaded 2 times (x 72B)
Class com.android.ide.common.gradle.Version$Companion                                 : loaded 2 times (x 71B)
Class com.google.common.base.Ticker                                                   : loaded 2 times (x 72B)
Class kotlin.jvm.internal.ShortCompanionObject                                        : loaded 2 times (x 71B)
Class kotlin.jvm.internal.markers.KMutableIterator                                    : loaded 2 times (x 70B)
Class kotlin.annotation.AnnotationTarget                                              : loaded 2 times (x 79B)
Class org.gradle.api.internal.DefaultClassPathRegistry                                : loaded 2 times (x 76B)
Class com.google.devtools.ksp.processing.KSPConfig                                    : loaded 2 times (x 72B)
Class org.gradle.tooling.internal.gradle.GradleProjectIdentity                        : loaded 2 times (x 70B)
Class com.google.common.cache.RemovalListener                                         : loaded 2 times (x 70B)
Class com.google.common.collect.AbstractMapBasedMultimap$AsMap$AsMapIterator          : loaded 2 times (x 83B)
Class com.google.common.collect.AbstractMapBasedMultimap$WrappedCollection$WrappedIterator: loaded 2 times (x 84B)
Class com.google.common.base.Present                                                  : loaded 2 times (x 81B)
Class com.google.common.collect.Maps$EntryFunction$1                                  : loaded 2 times (x 91B)
Class [Lkotlin.reflect.KAnnotatedElement;                                             : loaded 2 times (x 69B)
Class com.google.common.collect.ImmutableMap$Builder                                  : loaded 2 times (x 82B)
Class com.android.builder.model.v2.models.ndk.NativeModelBuilderParameter             : loaded 2 times (x 70B)
Class [Lcom.google.common.cache.LocalCache$Segment;                                   : loaded 2 times (x 69B)
Class [Lcom.google.common.cache.LocalCache$Strength;                                  : loaded 2 times (x 69B)
Class com.google.common.cache.CacheBuilder$1                                          : loaded 2 times (x 85B)
Class com.google.common.util.concurrent.AbstractFuture$Cancellation                   : loaded 2 times (x 72B)
Class com.google.common.collect.ImmutableMap                                          : loaded 2 times (x 120B)
Class org.gradle.internal.classpath.DefaultClassPath$ImmutableUniqueList$Builder      : loaded 2 times (x 75B)
Class kotlin.io.FileTreeWalk$WalkState                                                : loaded 2 times (x 73B)
Class kotlin.jvm.functions.Function3                                                  : loaded 2 times (x 70B)
Class kotlinx.coroutines.CoroutineStart                                               : loaded 2 times (x 79B)
Class com.google.common.base.NullnessCasts                                            : loaded 2 times (x 71B)
Class org.apache.commons.io.filefilter.IOFileFilter                                   : loaded 2 times (x 70B)
Class com.google.common.io.AppendableWriter                                           : loaded 2 times (x 100B)
Class kotlin.coroutines.CombinedContext                                               : loaded 2 times (x 78B)
Class kotlin.collections.IndexingIterator                                             : loaded 2 times (x 79B)
Class com.google.common.cache.Cache                                                   : loaded 2 times (x 70B)
Class com.google.common.cache.LocalCache$Strength                                     : loaded 2 times (x 81B)
Class com.google.common.base.Stopwatch                                                : loaded 2 times (x 72B)
Class org.apache.commons.io.Charsets                                                  : loaded 2 times (x 71B)
Class kotlinx.coroutines.internal.LockFreeTaskQueueCore                               : loaded 2 times (x 72B)
Class com.google.common.cache.LocalCache                                              : loaded 2 times (x 187B)
Class com.google.common.cache.CacheBuilder$2                                          : loaded 2 times (x 79B)
Class kotlin.jvm.internal.PropertyReference                                           : loaded 2 times (x 115B)
Class org.gradle.tooling.internal.adapter.WeakIdentityHashMap$AbsentValueProvider     : loaded 2 times (x 70B)
Class kotlin.sequences.DistinctIterator                                               : loaded 2 times (x 83B)
Class org.gradle.api.internal.classpath.UnknownModuleException                        : loaded 2 times (x 82B)
Class kotlinx.coroutines.CoroutineId                                                  : loaded 2 times (x 93B)
Class kotlinx.coroutines.EventLoopImplBase                                            : loaded 2 times (x 117B)
Class com.google.common.cache.Weigher                                                 : loaded 2 times (x 70B)
Class org.jetbrains.kotlin.cli.common.messages.CompilerMessageLocationWithRange$Companion: loaded 2 times (x 71B)
Class kotlinx.coroutines.internal.DispatchedContinuationKt                            : loaded 2 times (x 71B)
Class kotlin.reflect.KMutableProperty                                                 : loaded 2 times (x 70B)
Class kotlin.KotlinVersion                                                            : loaded 2 times (x 74B)
Class org.gradle.api.internal.classpath.Module                                        : loaded 2 times (x 70B)
Class org.gradle.tooling.internal.gradle.DefaultBuildIdentifier                       : loaded 2 times (x 79B)
Class org.gradle.tooling.internal.adapter.ProtocolToModelAdapter$AdaptingMethodInvoker: loaded 2 times (x 76B)
Class com.google.common.collect.ImmutableMapEntrySet                                  : loaded 2 times (x 152B)
Class org.apache.commons.io.output.NullOutputStream                                   : loaded 2 times (x 85B)
Class kotlinx.coroutines.Job                                                          : loaded 2 times (x 70B)
Class org.gradle.internal.time.DefaultCountdownTimer                                  : loaded 2 times (x 88B)
Class org.jetbrains.kotlin.cli.common.arguments.K2JVMCompilerArguments                : loaded 2 times (x 76B)
Class com.google.common.collect.ArrayListMultimap                                     : loaded 2 times (x 172B)
Class com.google.common.cache.CacheBuilder$3                                          : loaded 2 times (x 72B)
Class [Lcom.google.common.collect.AbstractMapEntry;                                   : loaded 2 times (x 69B)
Class com.google.common.collect.ImmutableEntry                                        : loaded 2 times (x 82B)
Class com.google.common.collect.ArrayListMultimapGwtSerializationDependencies         : loaded 2 times (x 172B)
Class org.gradle.internal.exceptions.NonGradleCauseExceptionsHolder                   : loaded 2 times (x 70B)
Class org.gradle.tooling.model.idea.IdeaModuleDependency                              : loaded 2 times (x 70B)
Class org.gradle.tooling.internal.adapter.ViewBuilder                                 : loaded 2 times (x 70B)
Class com.google.common.collect.Multiset                                              : loaded 2 times (x 70B)
Class kotlin.collections.AbstractMap$Companion                                        : loaded 2 times (x 71B)
Class kotlin.jvm.functions.Function5                                                  : loaded 2 times (x 70B)
Class com.google.common.math.MathPreconditions                                        : loaded 2 times (x 71B)
Class com.google.common.collect.ObjectArrays                                          : loaded 2 times (x 71B)
Class com.android.builder.model.v2.models.ProjectSyncIssues                           : loaded 2 times (x 70B)
Class com.google.common.collect.FluentIterable$3                                      : loaded 2 times (x 81B)
Class sync_studio_tooling5_7q4sq650513c2s68sls2adwtk                                  : loaded 2 times (x 171B)
Class kotlinx.coroutines.ExecutorCoroutineDispatcher                                  : loaded 2 times (x 107B)
Class kotlin.collections.IndexingIterable                                             : loaded 2 times (x 79B)
Class kotlin.Deprecated                                                               : loaded 2 times (x 70B)
Class org.gradle.tooling.internal.adapter.ProtocolToModelAdapter$PropertyCachingMethodInvoker: loaded 2 times (x 76B)
Class com.google.common.collect.NullsFirstOrdering                                    : loaded 2 times (x 115B)
Class com.android.ide.common.repository.AgpVersion                                    : loaded 2 times (x 75B)
Class com.google.common.primitives.Ints                                               : loaded 2 times (x 71B)
Class com.android.builder.model.v2.CustomSourceDirectory                              : loaded 2 times (x 70B)
Class com.google.common.reflect.Reflection                                            : loaded 2 times (x 71B)
Class com.google.common.base.Absent                                                   : loaded 2 times (x 80B)
Class com.google.common.base.Suppliers$MemoizingSupplier                              : loaded 2 times (x 79B)
Class org.apache.commons.io.StandardLineSeparator                                     : loaded 2 times (x 79B)
Class com.android.builder.model.v2.ide.AndroidLibraryData                             : loaded 2 times (x 70B)
Class com.android.builder.model.v2.ide.ApiVersion                                     : loaded 2 times (x 70B)
Class com.android.ide.common.gradle.Version                                           : loaded 2 times (x 75B)
Class com.google.common.collect.CollectPreconditions                                  : loaded 2 times (x 71B)
Class kotlin.jvm.functions.Function6                                                  : loaded 2 times (x 70B)
Class com.google.common.collect.FluentIterable$2                                      : loaded 2 times (x 81B)
Class kotlinx.coroutines.Unconfined                                                   : loaded 2 times (x 99B)
Class kotlinx.coroutines.GlobalScope                                                  : loaded 2 times (x 74B)
Class org.gradle.api.internal.classpath.DefaultModuleRegistry$DefaultModule           : loaded 2 times (x 86B)
Class org.gradle.tooling.internal.adapter.ProtocolToModelAdapter$ViewKey              : loaded 2 times (x 72B)
Class com.google.common.collect.BiMap                                                 : loaded 2 times (x 70B)
Class com.google.common.collect.ImmutableMap$1                                        : loaded 2 times (x 81B)
Class com.google.common.collect.IndexedImmutableSet                                   : loaded 2 times (x 152B)
Class org.objectweb.asm.FieldVisitor                                                  : loaded 2 times (x 77B)
Class com.google.common.collect.FluentIterable$1                                      : loaded 2 times (x 81B)
Class kotlinx.coroutines.JobSupport                                                   : loaded 2 times (x 132B)
Class kotlin.collections.builders.ListBuilderKt                                       : loaded 2 times (x 71B)
Class kotlin.coroutines.ContinuationKt                                                : loaded 2 times (x 71B)
Class kotlin.text.LinesIterator$State                                                 : loaded 2 times (x 71B)
Class com.google.common.collect.Maps$AbstractFilteredMap                              : loaded 2 times (x 127B)
Class [Lcom.google.common.io.FileWriteMode;                                           : loaded 2 times (x 69B)
Class org.apache.http.client.methods.HttpExecutionAware                               : loaded 2 times (x 70B)
Class com.android.builder.model.v2.models.Versions$Version                            : loaded 2 times (x 70B)
Class com.google.common.collect.SortedMapDifference                                   : loaded 2 times (x 70B)
Class [Lkotlin.time.DurationUnit;                                                     : loaded 2 times (x 69B)
Class kotlin.jvm.functions.Function7                                                  : loaded 2 times (x 70B)
Class kotlin.collections.builders.MapBuilder$KeysItr                                  : loaded 2 times (x 81B)
Class kotlin.sequences.SequencesKt___SequencesKt$asIterable$$inlined$Iterable$1       : loaded 2 times (x 79B)
Class kotlinx.coroutines.AbstractCoroutine                                            : loaded 2 times (x 143B)
Class org.gradle.internal.classloader.ClasspathUtil$1                                 : loaded 2 times (x 76B)
Class org.gradle.internal.time.DefaultTimer                                           : loaded 2 times (x 80B)
Class com.google.common.cache.CacheLoader$UnsupportedLoadingOperationException        : loaded 2 times (x 82B)
Class com.android.ide.common.gradle.Separator                                         : loaded 2 times (x 79B)
Class org.objectweb.asm.ClassWriter                                                   : loaded 2 times (x 106B)
Class com.google.common.collect.AbstractMapBasedMultimap$KeySet$1                     : loaded 2 times (x 82B)
Class com.android.builder.model.v2.ide.AndroidGradlePluginProjectFlags$BooleanFlag    : loaded 2 times (x 79B)
Class org.apache.http.client.methods.HttpRequestBase                                  : loaded 2 times (x 145B)
Class kotlinx.coroutines.internal.ThreadLocalKt                                       : loaded 2 times (x 71B)
Class com.google.common.io.Files                                                      : loaded 2 times (x 71B)
Class org.jetbrains.kotlin.cli.common.arguments.CommonCompilerArguments               : loaded 2 times (x 75B)
Class com.google.common.cache.LocalCache$EntryFactory                                 : loaded 2 times (x 83B)
Class org.gradle.tooling.internal.adapter.ProtocolToModelAdapter$ReflectionMethodInvoker: loaded 2 times (x 76B)
Class [Lkotlin.annotation.AnnotationRetention;                                        : loaded 2 times (x 69B)
Class kotlin.jvm.functions.Function8                                                  : loaded 2 times (x 70B)
Class kotlin.collections.builders.MapBuilder$Companion                                : loaded 2 times (x 71B)
Class kotlin.collections.builders.SetBuilder$Companion                                : loaded 2 times (x 71B)
Class kotlin.time.DurationUnitKt__DurationUnitJvmKt                                   : loaded 2 times (x 71B)
Class kotlin.collections.ArraysKt___ArraysKt$asSequence$$inlined$Sequence$1           : loaded 2 times (x 75B)
Class kotlin.DeprecationLevel                                                         : loaded 2 times (x 79B)
Class org.gradle.tooling.internal.adapter.ProtocolToModelAdapter                      : loaded 2 times (x 80B)
Class kotlin.io.FileTreeWalk$FileTreeWalkIterator$WhenMappings                        : loaded 2 times (x 71B)
Class kotlin.collections.builders.MapBuilder$EntriesItr                               : loaded 2 times (x 81B)
Class kotlin.jvm.internal.Ref$IntRef                                                  : loaded 2 times (x 71B)
Class com.google.common.collect.ExplicitOrdering                                      : loaded 2 times (x 115B)
Class com.google.common.util.concurrent.UncheckedExecutionException                   : loaded 2 times (x 82B)
Class com.android.builder.model.v2.ide.LibraryType                                    : loaded 2 times (x 79B)
Class [Lcom.android.builder.model.v2.ide.LibraryType;                                 : loaded 2 times (x 69B)
Class com.google.common.io.ByteSink$AsCharSink                                        : loaded 2 times (x 80B)
Class sync_studio_tooling15396_bh6hxs3azx8ehe6ot1ih9n0c9                              : loaded 2 times (x 171B)
Class com.google.common.collect.Iterables$5                                           : loaded 2 times (x 81B)
Class com.google.common.reflect.Types$NativeTypeVariableEquals                        : loaded 2 times (x 71B)
Class com.google.common.reflect.TypeParameter                                         : loaded 2 times (x 72B)
Class org.jetbrains.kotlin.cli.common.arguments.CommonCompilerArgumentsConfigurator   : loaded 2 times (x 74B)
Class com.google.common.cache.LocalCache$AbstractReferenceEntry                       : loaded 2 times (x 107B)
Class [Lcom.android.ide.common.gradle.Separator;                                      : loaded 2 times (x 69B)
Class org.jetbrains.kotlin.tooling.core.HasMutableExtras                              : loaded 2 times (x 70B)
Class com.google.common.collect.NullsLastOrdering                                     : loaded 2 times (x 115B)
Class kotlin.text.DelimitedRangesSequence$iterator$1                                  : loaded 2 times (x 79B)
Class kotlin.annotation.MustBeDocumented                                              : loaded 2 times (x 70B)
Class kotlin.jvm.functions.Function10                                                 : loaded 2 times (x 70B)
Class kotlin.jvm.functions.Function9                                                  : loaded 2 times (x 70B)
Class [Lkotlin.reflect.KClassifier;                                                   : loaded 2 times (x 69B)
Class [Lkotlin.LazyThreadSafetyMode;                                                  : loaded 2 times (x 69B)
Class kotlin.coroutines.ContinuationInterceptor$Key                                   : loaded 2 times (x 71B)
Class kotlin.jvm.internal.IntCompanionObject                                          : loaded 2 times (x 71B)
Class kotlin.collections.MutableMapWithDefault                                        : loaded 2 times (x 70B)
Class org.gradle.tooling.internal.adapter.CollectionMapper                            : loaded 2 times (x 73B)
Class org.gradle.tooling.model.kotlin.dsl.KotlinDslScriptModel                        : loaded 2 times (x 70B)
Class com.google.common.util.concurrent.AbstractFuture$Trusted                        : loaded 2 times (x 70B)
Class org.apache.http.client.methods.HttpEntityEnclosingRequestBase                   : loaded 2 times (x 153B)
Class com.google.common.base.Optional                                                 : loaded 2 times (x 80B)
Class org.jetbrains.kotlin.cli.common.messages.MessageCollector$Companion             : loaded 2 times (x 71B)
Class sync_studio_tooling15396_bh6hxs3azx8ehe6ot1ih9n0c9$_run_closure1                : loaded 2 times (x 139B)
Class kotlin.io.LinesSequence$iterator$1                                              : loaded 2 times (x 79B)
Class org.apache.http.client.methods.HttpPut                                          : loaded 2 times (x 153B)
Class org.apache.http.client.methods.Configurable                                     : loaded 2 times (x 70B)
Class com.android.builder.model.v2.models.VariantDependencies                         : loaded 2 times (x 70B)
Class org.objectweb.asm.SymbolTable                                                   : loaded 2 times (x 72B)
Class com.google.common.cache.CacheLoader$InvalidCacheLoadException                   : loaded 2 times (x 82B)
Class kotlin.collections.AbstractIterator                                             : loaded 2 times (x 83B)
Class org.gradle.internal.classloader.SystemClassLoaderSpec                           : loaded 2 times (x 71B)
Class kotlin.jvm.functions.Function11                                                 : loaded 2 times (x 70B)
Class com.android.builder.model.v2.ide.CodeShrinker                                   : loaded 2 times (x 79B)
Class kotlinx.coroutines.internal.LockFreeLinkedListNode                              : loaded 2 times (x 75B)
Class kotlin.coroutines.CoroutineContext$Element                                      : loaded 2 times (x 70B)
Class kotlin.ReplaceWith                                                              : loaded 2 times (x 70B)
Class kotlin.coroutines.CoroutineContext$DefaultImpls                                 : loaded 2 times (x 71B)
Class com.google.common.cache.LocalCache$2                                            : loaded 2 times (x 142B)
Class com.google.common.collect.AbstractMultimap                                      : loaded 2 times (x 123B)
Class com.google.common.collect.Sets$ImprovedAbstractSet                              : loaded 2 times (x 135B)
Class com.android.builder.model.v2.ide.BytecodeTransformation                         : loaded 2 times (x 79B)
Class com.google.common.reflect.TypeToken$SimpleTypeToken                             : loaded 2 times (x 73B)
Class org.apache.http.client.methods.AbstractExecutionAwareRequest                    : loaded 2 times (x 128B)
Class com.google.common.io.ByteSource$ByteArrayByteSource                             : loaded 2 times (x 85B)
Class com.google.common.collect.FluentIterable                                        : loaded 2 times (x 81B)
Class com.android.builder.model.v2.ide.TestedTargetVariant                            : loaded 2 times (x 70B)
Class com.google.common.cache.LocalCache$StrongEntry                                  : loaded 2 times (x 108B)
Class com.google.common.util.concurrent.AbstractFuture$TrustedFuture                  : loaded 2 times (x 114B)
Class com.google.common.cache.LoadingCache                                            : loaded 2 times (x 70B)
Class kotlin.text.MatcherMatchResult$groups$1                                         : loaded 2 times (x 151B)
Class org.gradle.internal.exceptions.MultiCauseException                              : loaded 2 times (x 70B)
Class org.gradle.internal.time.CountdownTimer                                         : loaded 2 times (x 70B)
Class kotlin.io.CloseableKt                                                           : loaded 2 times (x 71B)
Class kotlin.sequences.TakeWhileSequence                                              : loaded 2 times (x 75B)
Class kotlin.jvm.functions.Function12                                                 : loaded 2 times (x 70B)
Class kotlin.io.FileTreeWalk$FileTreeWalkIterator$TopDownDirectoryState               : loaded 2 times (x 74B)
Class kotlinx.coroutines.scheduling.GlobalQueue                                       : loaded 2 times (x 72B)
Class kotlin.sequences.GeneratorSequence$iterator$1                                   : loaded 2 times (x 79B)
Class kotlin.reflect.KProperty2                                                       : loaded 2 times (x 70B)
Class org.gradle.tooling.model.UnsupportedMethodException                             : loaded 2 times (x 82B)
Class org.gradle.tooling.internal.adapter.ProtocolToModelAdapter$SupportedPropertyInvoker: loaded 2 times (x 76B)
Class com.google.common.collect.AbstractMapEntry                                      : loaded 2 times (x 81B)
Class com.google.common.cache.LocalCache$1                                            : loaded 2 times (x 89B)
Class com.google.common.collect.SingletonImmutableBiMap                               : loaded 2 times (x 143B)
Class com.google.common.base.Ascii                                                    : loaded 2 times (x 71B)
Class org.apache.commons.io.FileExistsException                                       : loaded 2 times (x 82B)
Class com.google.common.collect.HashBiMap$BiEntry                                     : loaded 2 times (x 83B)
Class kotlin.reflect.KProperty1                                                       : loaded 2 times (x 70B)
Class kotlin.reflect.KClass                                                           : loaded 2 times (x 70B)
Class com.google.common.io.ByteStreams$LimitedInputStream                             : loaded 2 times (x 92B)
Class com.google.common.base.Suppliers$NonSerializableMemoizingSupplier               : loaded 2 times (x 79B)
Class org.objectweb.asm.MethodWriter                                                  : loaded 2 times (x 106B)
Class [Lcom.google.common.cache.Weigher;                                              : loaded 2 times (x 69B)
Class com.google.common.collect.RegularImmutableMap$BucketOverflowException           : loaded 2 times (x 82B)
Class org.gradle.tooling.model.ProjectModel                                           : loaded 2 times (x 70B)
Class jdk.internal.jrtfs.JrtFileSystem$1                                              : loaded 2 times (x 107B)
Class kotlin.jvm.functions.Function13                                                 : loaded 2 times (x 70B)
Class org.gradle.internal.service.ServiceLocator                                      : loaded 2 times (x 70B)
Class kotlin.text.Charsets                                                            : loaded 2 times (x 71B)
Class kotlinx.coroutines.internal.LockFreeTaskQueueCore$Companion                     : loaded 2 times (x 71B)
Class [Lorg.objectweb.asm.Type;                                                       : loaded 2 times (x 69B)
Class com.google.common.collect.Platform                                              : loaded 2 times (x 71B)
Class com.android.builder.model.v2.ide.TestInfo$Execution                             : loaded 2 times (x 79B)
Class kotlinx.coroutines.BuildersKt__BuildersKt                                       : loaded 2 times (x 71B)
Class kotlinx.coroutines.scheduling.NanoTimeSource                                    : loaded 2 times (x 72B)
Class kotlin.reflect.KProperty0                                                       : loaded 2 times (x 70B)
Class kotlin.jvm.internal.BooleanCompanionObject                                      : loaded 2 times (x 71B)
Class com.google.common.base.MoreObjects                                              : loaded 2 times (x 71B)
Class com.google.common.collect.AbstractMapBasedMultimap$RandomAccessWrappedList      : loaded 2 times (x 205B)
Class org.jetbrains.kotlin.cli.common.CompilerSystemProperties$Companion              : loaded 2 times (x 71B)
Class com.google.common.collect.ImmutableMultimap$1                                   : loaded 2 times (x 82B)
Class com.android.ide.common.gradle.Version$Companion$ParseState$EMPTY                : loaded 2 times (x 74B)
Class kotlin.jvm.functions.Function14                                                 : loaded 2 times (x 70B)
Class com.google.common.collect.BaseImmutableMultimap                                 : loaded 2 times (x 123B)
Class com.google.common.collect.EmptyImmutableListMultimap                            : loaded 2 times (x 176B)
Class com.google.common.reflect.TypeResolver$TypeVariableKey                          : loaded 2 times (x 72B)
Class org.apache.commons.io.output.ByteArrayOutputStream                              : loaded 2 times (x 102B)
Class kotlinx.coroutines.scheduling.CoroutineScheduler$Companion                      : loaded 2 times (x 71B)
Class kotlin.collections.builders.ListBuilder                                         : loaded 2 times (x 207B)
Class kotlin.collections.builders.ListBuilder$Companion                               : loaded 2 times (x 71B)
Class com.google.common.collect.AbstractIterator$State                                : loaded 2 times (x 79B)
Class com.google.common.reflect.Types$JavaVersion$1                                   : loaded 2 times (x 83B)
Class com.google.common.collect.ImmutableMultimap$2                                   : loaded 2 times (x 81B)
Class com.android.ide.common.repository.AgpVersion$Companion$WhenMappings             : loaded 2 times (x 71B)
Class com.google.common.collect.RegularImmutableBiMap                                 : loaded 2 times (x 149B)
Class com.google.common.cache.LocalCache$ValueReference                               : loaded 2 times (x 70B)
Class kotlin.collections.builders.AbstractMapBuilderEntrySet                          : loaded 2 times (x 144B)
Class com.google.common.cache.CacheLoader$FunctionToCacheLoader                       : loaded 2 times (x 75B)
Class org.gradle.tooling.model.idea.IdeaLanguageLevel                                 : loaded 2 times (x 70B)
Class org.gradle.tooling.internal.adapter.ProtocolToModelAdapter$SafeMethodInvoker    : loaded 2 times (x 76B)
Class org.gradle.tooling.internal.adapter.WeakIdentityHashMap$WeakKey                 : loaded 2 times (x 79B)
Class org.gradle.internal.exceptions.DefaultMultiCauseException                       : loaded 2 times (x 95B)
Class com.google.common.collect.ImmutableListMultimap                                 : loaded 2 times (x 176B)
Class kotlin.jvm.functions.Function15                                                 : loaded 2 times (x 70B)
Class kotlin.coroutines.jvm.internal.Boxing                                           : loaded 2 times (x 71B)
Class com.google.common.reflect.Types$ParameterizedTypeImpl                           : loaded 2 times (x 81B)
Class org.apache.commons.io.output.UnsynchronizedByteArrayOutputStream                : loaded 2 times (x 102B)
Class com.google.common.collect.Maps$IteratorBasedAbstractMap$1                       : loaded 2 times (x 138B)
Class kotlinx.coroutines.DisposableHandle                                             : loaded 2 times (x 70B)
Class [Lkotlin.annotation.AnnotationTarget;                                           : loaded 2 times (x 69B)
Class org.gradle.internal.classloader.InstrumentingClassLoader                        : loaded 2 times (x 70B)
Class org.gradle.internal.classpath.TransformedClassPath                              : loaded 2 times (x 96B)
Class com.google.common.cache.CacheBuilder$NullListener                               : loaded 2 times (x 82B)
Class org.objectweb.asm.FieldWriter                                                   : loaded 2 times (x 78B)
Class com.google.common.reflect.Types$JavaVersion$2                                   : loaded 2 times (x 83B)
Class com.google.common.reflect.Types                                                 : loaded 2 times (x 71B)
Class com.google.common.hash.PrimitiveSink                                            : loaded 2 times (x 70B)
Class com.android.builder.model.v2.ide.ProjectInfo                                    : loaded 2 times (x 70B)
Class org.jetbrains.kotlin.cli.common.arguments.CommonToolArguments                   : loaded 2 times (x 73B)
Class com.google.common.base.PatternCompiler                                          : loaded 2 times (x 70B)
Class com.google.common.util.concurrent.AbstractFuture$Failure                        : loaded 2 times (x 72B)
Class com.google.common.base.Equivalence$Equals                                       : loaded 2 times (x 82B)
Class com.google.common.collect.Hashing                                               : loaded 2 times (x 71B)
Class org.gradle.tooling.model.HierarchicalElement                                    : loaded 2 times (x 70B)
Class kotlin.jvm.functions.Function16                                                 : loaded 2 times (x 70B)
Class com.google.common.reflect.Invokable                                             : loaded 2 times (x 103B)
Class org.apache.http.HttpMessage                                                     : loaded 2 times (x 70B)
Class kotlin.LazyKt                                                                   : loaded 2 times (x 71B)
Class sync_studio_tooling3_djb9bg57dm1rkfjto3lllsbmd$_run_closure1                    : loaded 2 times (x 139B)
Class kotlin._Assertions                                                              : loaded 2 times (x 71B)
Class com.google.common.collect.AllEqualOrdering                                      : loaded 2 times (x 114B)
Class com.google.common.collect.ComparisonChain$1                                     : loaded 2 times (x 81B)
Class com.google.common.collect.MapDifference                                         : loaded 2 times (x 70B)
Class com.google.common.cache.LocalCache$Strength$3                                   : loaded 2 times (x 81B)
Class com.android.builder.model.v2.ide.AbstractArtifact                               : loaded 2 times (x 70B)
Class com.google.common.base.Splitter$1                                               : loaded 2 times (x 77B)
Class com.google.common.collect.TransformedIterator                                   : loaded 2 times (x 80B)
Class com.google.common.io.ByteStreams                                                : loaded 2 times (x 71B)
Class [Lcom.google.common.collect.Maps$EntryFunction;                                 : loaded 2 times (x 69B)
Class com.google.common.collect.ImmutableSetMultimap                                  : loaded 2 times (x 180B)
Class [Lorg.apache.commons.io.file.DeleteOption;                                      : loaded 2 times (x 69B)
Class com.google.common.io.CharSink                                                   : loaded 2 times (x 79B)
Class com.google.common.reflect.Types$JavaVersion$3                                   : loaded 2 times (x 83B)
Class com.android.builder.model.v2.dsl.DependenciesInfo                               : loaded 2 times (x 70B)
Class kotlinx.coroutines.DispatchedTask                                               : loaded 2 times (x 81B)
Class org.objectweb.asm.Label                                                         : loaded 2 times (x 73B)
Class org.objectweb.asm.CurrentFrame                                                  : loaded 2 times (x 73B)
Class org.objectweb.asm.ClassTooLargeException                                        : loaded 2 times (x 83B)
Class kotlin.reflect.KTypeParameter                                                   : loaded 2 times (x 70B)
Class com.google.common.collect.ByFunctionOrdering                                    : loaded 2 times (x 115B)
Class org.gradle.internal.time.Time                                                   : loaded 2 times (x 71B)
Class kotlin.InitializedLazyImpl                                                      : loaded 2 times (x 76B)
Class kotlin.jvm.functions.Function17                                                 : loaded 2 times (x 70B)
Class org.gradle.tooling.model.Dependency                                             : loaded 2 times (x 70B)
Class org.gradle.api.JavaVersion                                                      : loaded 2 times (x 79B)
Class com.google.common.cache.LocalCache$Strength$2                                   : loaded 2 times (x 81B)
Class com.google.common.util.concurrent.SettableFuture                                : loaded 2 times (x 114B)
Class com.google.common.reflect.Types$ClassOwnership$3                                : loaded 2 times (x 71B)
Class org.apache.commons.io.output.QueueOutputStream                                  : loaded 2 times (x 87B)
Class com.google.common.collect.Collections2$FilteredCollection                       : loaded 2 times (x 119B)
Class org.jetbrains.kotlin.cli.common.messages.CompilerMessageSeverity                : loaded 2 times (x 79B)
Class kotlin.coroutines.jvm.internal.ContinuationImpl                                 : loaded 2 times (x 87B)
Class kotlin.coroutines.jvm.internal.SuspendLambda                                    : loaded 2 times (x 91B)
Class kotlinx.coroutines.internal.SystemPropsKt                                       : loaded 2 times (x 71B)
Class kotlin.collections.MapWithDefault                                               : loaded 2 times (x 70B)
Class org.jetbrains.kotlin.cli.common.messages.MessageCollector$Companion$NONE$1      : loaded 2 times (x 76B)
Class com.google.common.collect.RangeGwtSerializationDependencies                     : loaded 2 times (x 71B)
Class com.google.common.io.ByteSource$AsCharSource                                    : loaded 2 times (x 86B)
Class com.google.common.collect.Maps$IteratorBasedAbstractMap                         : loaded 2 times (x 125B)
Class com.google.common.reflect.Types$JavaVersion$4                                   : loaded 2 times (x 83B)
Class com.android.builder.model.v2.models.ProjectGraph                                : loaded 2 times (x 70B)
Class kotlin.jvm.functions.Function22                                                 : loaded 2 times (x 70B)
Class org.objectweb.asm.Frame                                                         : loaded 2 times (x 73B)
Class org.objectweb.asm.MethodVisitor                                                 : loaded 2 times (x 105B)
Class com.android.ide.common.gradle.Version$Companion$ParseState$NUMERIC              : loaded 2 times (x 74B)
Class com.google.common.cache.LocalCache$EntryFactory$1                               : loaded 2 times (x 83B)
Class [Lcom.google.common.cache.RemovalListener;                                      : loaded 2 times (x 69B)
Class kotlin.collections.builders.MapBuilderEntries                                   : loaded 2 times (x 145B)
Class kotlin.annotation.AnnotationRetention                                           : loaded 2 times (x 79B)
Class com.android.ide.common.repository.AgpVersion$PreviewKind                        : loaded 2 times (x 79B)
Class kotlin.jvm.functions.Function18                                                 : loaded 2 times (x 70B)
Class com.google.common.cache.LocalCache$Strength$1                                   : loaded 2 times (x 81B)
Class org.objectweb.asm.ModuleVisitor                                                 : loaded 2 times (x 81B)
Class com.google.common.collect.Sets$4                                                : loaded 2 times (x 139B)
Class com.google.common.reflect.TypeResolver                                          : loaded 2 times (x 72B)
Class com.google.common.reflect.Types$ClassOwnership$2                                : loaded 2 times (x 80B)
Class com.google.common.io.ByteArrayDataInput                                         : loaded 2 times (x 70B)
Class sync_studio_tooling13183_66a3acj9maks5j7bh1o5cfbab                              : loaded 2 times (x 171B)
Class kotlinx.coroutines.IncompleteStateBox                                           : loaded 2 times (x 72B)
Class kotlin.jvm.functions.Function21                                                 : loaded 2 times (x 70B)
Class org.gradle.internal.service.UnknownServiceException                             : loaded 2 times (x 83B)
Class com.google.common.reflect.Types$JavaVersion$5                                   : loaded 2 times (x 71B)
Class [Lcom.google.common.reflect.Types$ClassOwnership;                               : loaded 2 times (x 69B)
Class com.google.common.cache.LocalCache$EntryFactory$2                               : loaded 2 times (x 83B)
Class org.gradle.api.internal.classpath.GlobalCacheRootsProvider                      : loaded 2 times (x 70B)
Class kotlin.jvm.functions.Function19                                                 : loaded 2 times (x 70B)
Class kotlin.reflect.KMutableProperty$Setter                                          : loaded 2 times (x 70B)
Class kotlin.Lazy                                                                     : loaded 2 times (x 70B)
Class com.google.common.cache.LocalCache$LocalLoadingCache                            : loaded 2 times (x 134B)
Class com.google.common.collect.Sets$3                                                : loaded 2 times (x 139B)
Class [Lorg.objectweb.asm.AnnotationVisitor;                                          : loaded 2 times (x 69B)
Class org.jetbrains.kotlin.cli.common.CompilerSystemProperties                        : loaded 2 times (x 80B)
Class com.google.common.base.AbstractIterator$State                                   : loaded 2 times (x 79B)
Class com.google.common.reflect.Types$ClassOwnership$1                                : loaded 2 times (x 80B)
Class kotlinx.coroutines.Delay                                                        : loaded 2 times (x 70B)
Class kotlinx.coroutines.ParentJob                                                    : loaded 2 times (x 70B)
Class kotlinx.coroutines.JobNode                                                      : loaded 2 times (x 90B)
Class kotlin.jvm.functions.Function20                                                 : loaded 2 times (x 70B)
Class org.gradle.api.internal.ClassPathProvider                                       : loaded 2 times (x 70B)
Class com.google.common.collect.CollectCollectors                                     : loaded 2 times (x 71B)
Class com.android.builder.model.v2.dsl.ClassField                                     : loaded 2 times (x 70B)
Class org.objectweb.asm.ModuleWriter                                                  : loaded 2 times (x 82B)
Class com.google.common.cache.LocalCache$EntryFactory$3                               : loaded 2 times (x 83B)
Class com.google.common.base.Ticker$1                                                 : loaded 2 times (x 72B)
Class com.google.common.collect.Maps$BiMapConverter                                   : loaded 2 times (x 90B)
Class com.google.common.collect.ImmutableMapEntrySet$RegularEntrySet                  : loaded 2 times (x 152B)
Class org.gradle.tooling.model.BuildIdentifier                                        : loaded 2 times (x 70B)
Class kotlinx.coroutines.Incomplete                                                   : loaded 2 times (x 70B)
Class [Lorg.gradle.api.internal.ClassPathProvider;                                    : loaded 2 times (x 69B)
Class org.gradle.tooling.ToolingModelContract                                         : loaded 2 times (x 70B)
Class kotlin.text.MatchResult                                                         : loaded 2 times (x 70B)
Class com.google.common.collect.NaturalOrdering                                       : loaded 2 times (x 115B)
Class com.google.common.collect.Sets$2                                                : loaded 2 times (x 139B)
Class com.android.builder.model.v2.models.BasicAndroidProject                         : loaded 2 times (x 70B)
Class com.google.common.collect.Maps$ViewCachingAbstractMap                           : loaded 2 times (x 125B)
Class com.google.common.collect.CollectSpliterators$1                                 : loaded 2 times (x 90B)
Class com.google.common.collect.SetMultimap                                           : loaded 2 times (x 70B)
Class com.android.builder.model.v2.ide.VectorDrawablesOptions                         : loaded 2 times (x 70B)
Class com.google.common.collect.ImmutableSet$Builder                                  : loaded 2 times (x 85B)
Class com.google.common.cache.LocalCache$EntryFactory$4                               : loaded 2 times (x 83B)
Class org.apache.http.HttpEntityEnclosingRequest                                      : loaded 2 times (x 70B)
Class kotlin.concurrent.LocksKt                                                       : loaded 2 times (x 71B)
Class kotlin.sequences.ConstrainedOnceSequence                                        : loaded 2 times (x 75B)
Class kotlinx.coroutines.AbstractTimeSourceKt                                         : loaded 2 times (x 71B)
Class [Lcom.google.common.base.Function;                                              : loaded 2 times (x 69B)
Class kotlin.coroutines.ContinuationInterceptor$DefaultImpls                          : loaded 2 times (x 71B)
Class kotlin.collections.builders.MapBuilder$EntryRef                                 : loaded 2 times (x 81B)
Class kotlin.ranges.LongRange$Companion                                               : loaded 2 times (x 71B)
Class org.gradle.api.internal.DefaultClassPathProvider                                : loaded 2 times (x 76B)
Class com.google.common.collect.ComparatorOrdering                                    : loaded 2 times (x 115B)
Class com.google.common.collect.Iterators$PeekingImpl                                 : loaded 2 times (x 85B)
Class com.android.ide.common.gradle.Numeric                                           : loaded 2 times (x 77B)
Class com.google.common.io.ByteStreams$1                                              : loaded 2 times (x 85B)
Class com.android.builder.model.v2.ide.Edge                                           : loaded 2 times (x 70B)
Class com.android.builder.model.v2.models.VariantDependenciesFlatList                 : loaded 2 times (x 70B)
Class com.google.common.cache.LocalCache$EntryFactory$5                               : loaded 2 times (x 83B)
Class com.google.common.collect.ReverseOrdering                                       : loaded 2 times (x 115B)
Class org.gradle.tooling.model.build.JavaEnvironment                                  : loaded 2 times (x 70B)
Class kotlin.jvm.internal.ByteCompanionObject                                         : loaded 2 times (x 71B)
Class kotlin.time.Duration                                                            : loaded 2 times (x 74B)
Class [Lkotlin.reflect.KProperty;                                                     : loaded 2 times (x 69B)
Class org.objectweb.asm.AnnotationVisitor                                             : loaded 2 times (x 78B)
Class com.google.common.collect.Sets$1                                                : loaded 2 times (x 139B)
Class com.google.common.collect.ImmutableSet$SerializedForm                           : loaded 2 times (x 73B)
Class com.google.common.base.Splitter                                                 : loaded 2 times (x 72B)
Class kotlinx.coroutines.EventLoop_commonKt                                           : loaded 2 times (x 71B)
Class kotlin.jvm.internal.AdaptedFunctionReference                                    : loaded 2 times (x 77B)
Class [Lkotlin.reflect.KCallable;                                                     : loaded 2 times (x 69B)
Class org.apache.commons.io.output.AppendableWriter                                   : loaded 2 times (x 100B)
Class com.android.builder.model.v2.ide.SourceSetContainer                             : loaded 2 times (x 70B)
Class com.google.common.cache.LocalCache$EntryFactory$6                               : loaded 2 times (x 83B)
Class org.gradle.internal.time.Timer                                                  : loaded 2 times (x 70B)
Class org.gradle.internal.installation.CurrentGradleInstallationLocator               : loaded 2 times (x 71B)
Class kotlin.coroutines.jvm.internal.SpillingKt                                       : loaded 2 times (x 71B)
Class [Lkotlin.io.FileWalkDirection;                                                  : loaded 2 times (x 69B)
Class kotlinx.coroutines.Empty                                                        : loaded 2 times (x 75B)
Class kotlin.reflect.KProperty$Accessor                                               : loaded 2 times (x 70B)
Class kotlin.jvm.internal.ArrayIteratorKt                                             : loaded 2 times (x 71B)
Class org.gradle.tooling.internal.gradle.DefaultProjectIdentifier                     : loaded 2 times (x 86B)
Class com.google.common.collect.ImmutableEnumMap                                      : loaded 2 times (x 126B)
Class org.jetbrains.kotlin.cli.common.messages.CompilerMessageSeverity$Companion      : loaded 2 times (x 71B)
Class com.google.common.io.ByteSource$SlicedByteSource                                : loaded 2 times (x 85B)
Class org.apache.commons.io.output.ThresholdingOutputStream                           : loaded 2 times (x 95B)
Class com.google.common.collect.ImmutableMultimap$Builder                             : loaded 2 times (x 86B)
Class com.android.builder.model.v2.ide.LintOptions                                    : loaded 2 times (x 70B)
Class com.google.common.collect.Maps$KeySet                                           : loaded 2 times (x 137B)
Class com.google.common.collect.ImmutableSet$EmptySetBuilderImpl                      : loaded 2 times (x 76B)
Class com.google.common.cache.LocalCache$EntryFactory$7                               : loaded 2 times (x 83B)
Class org.gradle.tooling.internal.adapter.ProtocolToModelAdapter$ViewGraphDetails     : loaded 2 times (x 72B)
Class org.gradle.tooling.model.idea.IdeaProject                                       : loaded 2 times (x 70B)
Class org.gradle.tooling.model.DomainObjectSet                                        : loaded 2 times (x 70B)
Class org.gradle.internal.service.DefaultServiceLocator                               : loaded 2 times (x 83B)
Class com.google.common.collect.ListMultimap                                          : loaded 2 times (x 70B)
Class kotlin.reflect.KMutableProperty0                                                : loaded 2 times (x 70B)
Class kotlin.reflect.KClassifier                                                      : loaded 2 times (x 70B)
Class kotlin.io.FileTreeWalk                                                          : loaded 2 times (x 75B)
Class com.android.builder.model.v2.models.AndroidDsl                                  : loaded 2 times (x 70B)
Class org.apache.commons.io.output.StringBuilderWriter                                : loaded 2 times (x 100B)
Class [Lorg.apache.commons.io.StandardLineSeparator;                                  : loaded 2 times (x 69B)
Class com.google.common.collect.CollectSpliterators$1WithCharacteristics              : loaded 2 times (x 90B)
Class kotlin.coroutines.ContinuationInterceptor                                       : loaded 2 times (x 70B)
Class kotlinx.coroutines.DebugKt                                                      : loaded 2 times (x 71B)
Class org.gradle.api.internal.classpath.EffectiveClassPath                            : loaded 2 times (x 90B)
Class com.google.common.collect.Ordering                                              : loaded 2 times (x 114B)
Class [Lcom.android.ide.common.repository.AgpVersion$PreviewKind;                     : loaded 2 times (x 69B)
Class [Lcom.google.common.collect.ImmutableMapEntry;                                  : loaded 2 times (x 69B)
Class kotlin.io.FileTreeWalk$FileTreeWalkIterator                                     : loaded 2 times (x 83B)
Class org.gradle.internal.classloader.ClassLoaderVisitor                              : loaded 2 times (x 76B)
Class kotlin.text.MatcherMatchResult$groupValues$1                                    : loaded 2 times (x 198B)
Class com.google.common.collect.Maps$EntrySet                                         : loaded 2 times (x 136B)
Class com.google.common.collect.ImmutableMultimap$EntryCollection                     : loaded 2 times (x 128B)
Class com.android.builder.model.v2.ide.BasicArtifact                                  : loaded 2 times (x 70B)
Class org.jetbrains.kotlin.util.capitalizeDecapitalize.CapitalizeDecapitalizeKt       : loaded 2 times (x 71B)
Class com.google.common.cache.LocalCache$EntryFactory$8                               : loaded 2 times (x 83B)
Class com.google.common.collect.ReverseNaturalOrdering                                : loaded 2 times (x 114B)
Class com.google.common.collect.ComparisonChain$InactiveComparisonChain               : loaded 2 times (x 80B)
Class org.gradle.util.GradleVersion                                                   : loaded 2 times (x 81B)
Class org.gradle.internal.installation.CurrentGradleInstallation                      : loaded 2 times (x 73B)
Class com.google.common.base.CharMatcher$None                                         : loaded 2 times (x 112B)
Class org.apache.http.client.methods.HttpUriRequest                                   : loaded 2 times (x 70B)
Class kotlin.reflect.KMutableProperty1                                                : loaded 2 times (x 70B)
Class kotlinx.coroutines.scheduling.Task                                              : loaded 2 times (x 76B)
Class org.apache.commons.io.file.PathUtils                                            : loaded 2 times (x 71B)
Class kotlinx.coroutines.BlockingCoroutine                                            : loaded 2 times (x 144B)
Class com.google.common.io.ByteSource$ConcatenatedByteSource                          : loaded 2 times (x 85B)
Class [Lcom.google.common.collect.AbstractIterator$State;                             : loaded 2 times (x 69B)
Class kotlinx.coroutines.CopyableThreadContextElement                                 : loaded 2 times (x 70B)
Class kotlin.KotlinVersion$Companion                                                  : loaded 2 times (x 71B)
Class kotlin.jvm.internal.FloatCompanionObject                                        : loaded 2 times (x 71B)
Class kotlin.sequences.SequencesKt___SequencesKt$flatMap$1                            : loaded 2 times (x 125B)
Class org.gradle.internal.classloader.DefaultClassLoaderFactory                       : loaded 2 times (x 82B)
Class com.google.common.base.Suppliers                                                : loaded 2 times (x 71B)
Class [Lcom.google.common.cache.CacheBuilder$OneWeigher;                              : loaded 2 times (x 69B)
Class org.objectweb.asm.MethodTooLargeException                                       : loaded 2 times (x 83B)
Class org.apache.http.HttpEntity                                                      : loaded 2 times (x 70B)
Class org.apache.http.HttpRequest                                                     : loaded 2 times (x 70B)
Class com.google.common.cache.CacheLoader$1                                           : loaded 2 times (x 75B)
Class com.google.common.base.Platform$JdkPatternCompiler                              : loaded 2 times (x 75B)
Class kotlinx.coroutines.EventLoopImplPlatform                                        : loaded 2 times (x 107B)
Class org.gradle.tooling.internal.adapter.ProtocolToModelAdapter$MethodInvocationCache$MethodInvocationKey: loaded 2 times (x 73B)
Class org.gradle.util.internal.GUtil                                                  : loaded 2 times (x 71B)
Class kotlin.reflect.KMutableProperty2                                                : loaded 2 times (x 70B)
Class kotlinx.coroutines.scheduling.SchedulerTimeSource                               : loaded 2 times (x 72B)
Class kotlinx.coroutines.internal.LockFreeTaskQueue                                   : loaded 2 times (x 72B)
Class kotlinx.coroutines.scheduling.DefaultScheduler                                  : loaded 2 times (x 112B)
Class kotlinx.coroutines.Dispatchers                                                  : loaded 2 times (x 71B)
Class kotlinx.coroutines.scheduling.CoroutineScheduler                                : loaded 2 times (x 81B)
Class kotlin.io.LinesSequence                                                         : loaded 2 times (x 75B)
Class [Lkotlin.reflect.KClass;                                                        : loaded 2 times (x 69B)
Class org.gradle.internal.operations.MultipleBuildOperationFailures                   : loaded 2 times (x 95B)
Class org.gradle.tooling.internal.adapter.MethodInvocation                            : loaded 2 times (x 85B)
Class org.objectweb.asm.ClassVisitor                                                  : loaded 2 times (x 88B)
Class [Lorg.objectweb.asm.Symbol;                                                     : loaded 2 times (x 69B)
Class com.android.utils.FileUtils                                                     : loaded 2 times (x 71B)
Class com.android.builder.model.v2.ide.AaptOptions$Namespacing                        : loaded 2 times (x 79B)
Class com.google.common.reflect.TypeCapture                                           : loaded 2 times (x 71B)
Class kotlinx.coroutines.CoroutineScope                                               : loaded 2 times (x 70B)
Class com.google.common.io.ByteSource                                                 : loaded 2 times (x 84B)
Class com.android.utils.StringHelper                                                  : loaded 2 times (x 71B)
Class com.google.common.cache.AbstractCache$StatsCounter                              : loaded 2 times (x 70B)
Class kotlinx.coroutines.ChildHandle                                                  : loaded 2 times (x 70B)
Class kotlin.time.DurationUnitKt                                                      : loaded 2 times (x 71B)
Class kotlin.collections.builders.ListBuilder$Itr                                     : loaded 2 times (x 94B)
Class kotlinx.coroutines.intrinsics.CancellableKt                                     : loaded 2 times (x 71B)
Class kotlin.ranges.LongProgression                                                   : loaded 2 times (x 81B)
Class org.gradle.tooling.internal.adapter.TargetTypeProvider                          : loaded 2 times (x 70B)
Class com.google.common.collect.ImmutableMap$MapViewOfValuesAsSingletonSets           : loaded 2 times (x 126B)
Class com.google.common.collect.RegularImmutableMap                                   : loaded 2 times (x 121B)
Class com.android.builder.model.v2.ide.AndroidArtifact                                : loaded 2 times (x 70B)
Class com.google.common.io.ByteArrayDataOutput                                        : loaded 2 times (x 70B)
Class kotlin.collections.builders.MapBuilder                                          : loaded 2 times (x 112B)
Class org.gradle.api.internal.classpath.ManifestUtil                                  : loaded 2 times (x 71B)
Class com.google.common.io.LineBuffer                                                 : loaded 2 times (x 75B)
Class com.google.common.reflect.Types$TypeVariableImpl                                : loaded 2 times (x 72B)
Class com.android.builder.model.v2.dsl.BuildType                                      : loaded 2 times (x 70B)
Class org.gradle.tooling.internal.adapter.ProtocolToModelAdapter$InvocationHandlerImpl: loaded 2 times (x 77B)
Class org.gradle.tooling.internal.adapter.WeakIdentityHashMap                         : loaded 2 times (x 76B)
Class org.gradle.tooling.GradleConnectionException                                    : loaded 2 times (x 83B)
Class org.gradle.tooling.internal.adapter.ProtocolToModelAdapter$1                    : loaded 2 times (x 75B)
Class org.gradle.tooling.internal.adapter.ProtocolToModelAdapter$ViewDecoration       : loaded 2 times (x 70B)
Class org.gradle.internal.installation.GradleInstallation                             : loaded 2 times (x 75B)
Class org.gradle.tooling.model.build.GradleEnvironment                                : loaded 2 times (x 70B)
Class kotlin.collections.ReversedList                                                 : loaded 2 times (x 207B)
Class com.google.common.util.concurrent.ExecutionError                                : loaded 2 times (x 82B)
Class com.google.common.collect.ImmutableEnumSet                                      : loaded 2 times (x 146B)
Class com.android.builder.model.v2.models.VariantDependenciesAdjacencyList            : loaded 2 times (x 70B)
Class com.google.common.collect.AbstractMapBasedMultimap$WrappedCollection            : loaded 2 times (x 124B)
Class kotlin.SafePublicationLazyImpl$Companion                                        : loaded 2 times (x 71B)
Class kotlin.jvm.internal.PropertyReference1Impl                                      : loaded 2 times (x 127B)
Class kotlin.jvm.internal.MutablePropertyReference1                                   : loaded 2 times (x 137B)
Class org.gradle.internal.classloader.ClassLoaderHierarchy                            : loaded 2 times (x 70B)
Class [Lcom.google.common.base.AbstractIterator$State;                                : loaded 2 times (x 69B)
Class com.google.common.base.Splitter$Strategy                                        : loaded 2 times (x 70B)
Class com.google.common.collect.Iterables                                             : loaded 2 times (x 71B)
Class com.google.common.collect.ForwardingCollection                                  : loaded 2 times (x 130B)
Class com.google.common.collect.LexicographicalOrdering                               : loaded 2 times (x 115B)
Class org.gradle.tooling.internal.adapter.MethodInvoker                               : loaded 2 times (x 70B)
Class kotlin.collections.ReversedList$listIterator$1                                  : loaded 2 times (x 94B)
Class kotlin.io.FileWalkDirection                                                     : loaded 2 times (x 79B)
Class com.google.common.io.FileWriteMode                                              : loaded 2 times (x 79B)
Class kotlinx.coroutines.JobSupportKt                                                 : loaded 2 times (x 71B)
Class kotlinx.coroutines.ExecutorCoroutineDispatcher$Key                              : loaded 2 times (x 72B)
Class kotlinx.coroutines.BuildersKt                                                   : loaded 2 times (x 71B)
Class kotlinx.coroutines.internal.ThreadContextKt                                     : loaded 2 times (x 71B)
Class kotlin.sequences.DropWhileSequence$iterator$1                                   : loaded 2 times (x 79B)
Class kotlin.text.LinesIterator                                                       : loaded 2 times (x 79B)
Class org.gradle.internal.classloader.FilteringClassLoader                            : loaded 2 times (x 105B)
Class kotlin.text.MatcherMatchResult                                                  : loaded 2 times (x 80B)
Class kotlin.text.MatchGroupCollection                                                : loaded 2 times (x 70B)
Class com.google.common.collect.RegularImmutableMap$KeySet                            : loaded 2 times (x 152B)
Class com.google.common.base.Equivalence$Identity                                     : loaded 2 times (x 82B)
Class com.google.common.base.PairwiseEquivalence                                      : loaded 2 times (x 83B)
Class com.android.builder.model.v2.ide.ViewBindingOptions                             : loaded 2 times (x 70B)
Class com.google.common.io.LineReader                                                 : loaded 2 times (x 72B)
Class kotlinx.coroutines.internal.ResizableAtomicArray                                : loaded 2 times (x 72B)
Class kotlin.io.TextStreamsKt                                                         : loaded 2 times (x 71B)
Class kotlin.coroutines.jvm.internal.CompletedContinuation                            : loaded 2 times (x 75B)
Class kotlin.sequences.DropTakeSequence                                               : loaded 2 times (x 70B)
Class com.google.common.collect.ImmutableMapEntry$NonTerminalImmutableMapEntry        : loaded 2 times (x 85B)
Class com.android.ide.common.gradle.Part                                              : loaded 2 times (x 77B)
Class sync_studio_tooling11_975x2vpddarhd95hbbp2qtxpe$_run_closure1                   : loaded 2 times (x 139B)
Class org.gradle.tooling.model.gradle.GradleScript                                    : loaded 2 times (x 70B)

---------------  S Y S T E M  ---------------

OS:
 Windows 11 , 64 bit Build 26100 (10.0.26100.8875)
OS uptime: 0 days 17:06 hours
Hyper-V role detected

CPU: total 8 (initial active 8) (4 cores per cpu, 2 threads per core) family 6 model 154 stepping 4 microcode 0x432, cx8, cmov, fxsr, ht, mmx, 3dnowpref, sse, sse2, sse3, ssse3, sse4.1, sse4.2, popcnt, lzcnt, tsc, tscinvbit, avx, avx2, aes, erms, clmul, bmi1, bmi2, adx, sha, fma, vzeroupper, clflush, clflushopt, clwb, hv, serialize, rdtscp, rdpid, fsrm, f16c, cet_ibt, cet_ss
Processor Information for processor 0
  Max Mhz: 1200, Current Mhz: 1200, Mhz Limit: 1200
Processor Information for processor 1
  Max Mhz: 1200, Current Mhz: 1200, Mhz Limit: 1200
Processor Information for processor 2
  Max Mhz: 1200, Current Mhz: 1200, Mhz Limit: 1200
Processor Information for processor 3
  Max Mhz: 1200, Current Mhz: 1200, Mhz Limit: 1200
Processor Information for processor 4
  Max Mhz: 1200, Current Mhz: 900, Mhz Limit: 900
Processor Information for processor 5
  Max Mhz: 1200, Current Mhz: 900, Mhz Limit: 900
Processor Information for processor 6
  Max Mhz: 1200, Current Mhz: 900, Mhz Limit: 900
Processor Information for processor 7
  Max Mhz: 1200, Current Mhz: 900, Mhz Limit: 900

Memory: 4k page, system-wide physical 7877M (470M free)
TotalPageFile size 20687M (AvailPageFile size 1187M)
current process WorkingSet (physical memory assigned to process): 1504M, peak: 1504M
current process commit charge ("private bytes"): 1930M, peak: 3023M

vm_info: OpenJDK 64-Bit Server VM (21.0.10+-14961533-b1163.108) for windows-amd64 JRE (21.0.10+-14961533-b1163.108), built on 2026-03-02T19:58:50Z by "builder" with MS VC++ 16.10 / 16.11 (VS2019)

END.
